,time,temperature_2m_max,temperature_2m_min,precipitation_sum,windspeed_10m_max,rain_sum
0,2020-01-01,33.9,23.1,0.0,18.3,0.0
1,2020-01-02,33.8,22.9,0.0,16.0,0.0
2,2020-01-03,33.6,23.1,0.0,14.1,0.0
3,2020-01-04,33.5,23.5,0.0,12.7,0.0
4,2020-01-05,33.0,22.8,0.0,14.7,0.0
5,2020-01-06,34.0,22.0,0.0,15.2,0.0
6,2020-01-07,34.3,24.2,0.3,14.5,0.3
7,2020-01-08,35.5,25.2,0.0,12.9,0.0
8,2020-01-09,34.9,24.5,0.2,15.0,0.2
9,2020-01-10,34.2,24.6,0.0,16.0,0.0
10,2020-01-11,32.5,24.2,0.1,16.0,0.1
11,2020-01-12,31.5,24.8,0.9,17.6,0.9
12,2020-01-13,33.0,22.2,0.0,17.3,0.0
13,2020-01-14,33.4,22.3,0.0,21.5,0.0
14,2020-01-15,33.2,21.6,0.0,17.1,0.0
15,2020-01-16,34.0,22.2,0.0,15.9,0.0
16,2020-01-17,33.8,23.5,0.0,19.4,0.0
17,2020-01-18,32.3,23.7,0.1,17.1,0.1
18,2020-01-19,33.8,23.1,0.0,16.8,0.0
19,2020-01-20,34.6,23.4,0.0,19.1,0.0
20,2020-01-21,35.1,24.1,0.0,19.2,0.0
21,2020-01-22,35.0,23.6,0.0,20.4,0.0
22,2020-01-23,34.8,24.2,0.0,20.0,0.0
23,2020-01-24,35.6,22.9,0.0,24.0,0.0
24,2020-01-25,33.0,23.8,0.0,19.7,0.0
25,2020-01-26,34.0,23.0,0.0,21.0,0.0
26,2020-01-27,32.8,23.5,0.4,21.9,0.4
27,2020-01-28,33.6,22.7,0.0,23.1,0.0
28,2020-01-29,32.8,22.0,0.0,21.1,0.0
29,2020-01-30,31.9,23.4,0.4,16.1,0.4
30,2020-01-31,31.6,23.5,0.4,16.8,0.4
31,2020-02-01,33.2,22.7,0.0,21.7,0.0
32,2020-02-02,32.5,21.4,0.0,18.5,0.0
33,2020-02-03,34.0,21.5,0.0,21.3,0.0
34,2020-02-04,34.0,22.7,0.0,19.6,0.0
35,2020-02-05,34.5,22.5,0.0,18.4,0.0
36,2020-02-06,33.0,21.4,0.0,22.0,0.0
37,2020-02-07,34.2,21.4,0.0,18.9,0.0
38,2020-02-08,33.3,21.5,0.0,11.2,0.0
39,2020-02-09,30.7,25.2,0.4,21.5,0.4
40,2020-02-10,32.0,23.4,0.0,13.0,0.0
41,2020-02-11,35.0,23.7,0.0,21.5,0.0
42,2020-02-12,34.7,24.9,0.3,21.2,0.3
43,2020-02-13,35.8,24.5,0.0,24.4,0.0
44,2020-02-14,33.5,24.5,0.0,22.0,0.0
45,2020-02-15,33.1,23.5,0.0,19.6,0.0
46,2020-02-16,34.5,23.7,0.0,18.6,0.0
47,2020-02-17,33.6,25.5,2.2,20.5,2.2
48,2020-02-18,33.5,24.9,1.2,18.6,1.2
49,2020-02-19,34.7,22.3,0.0,18.4,0.0
50,2020-02-20,35.0,22.6,0.0,17.7,0.0
51,2020-02-21,35.8,23.4,0.0,17.9,0.0
52,2020-02-22,35.2,22.0,0.0,20.9,0.0
53,2020-02-23,34.7,22.6,0.0,21.9,0.0
54,2020-02-24,35.7,23.1,0.0,23.8,0.0
55,2020-02-25,35.2,23.2,0.0,24.4,0.0
56,2020-02-26,35.8,24.9,0.2,23.3,0.2
57,2020-02-27,36.2,24.5,0.0,19.9,0.0
58,2020-02-28,35.2,23.9,0.0,25.5,0.0
59,2020-02-29,35.6,24.1,0.0,22.2,0.0
60,2020-03-01,35.2,24.5,0.1,22.6,0.1
61,2020-03-02,36.1,25.1,0.0,23.8,0.0
62,2020-03-03,36.1,25.0,0.0,22.3,0.0
63,2020-03-04,34.8,25.0,0.0,21.3,0.0
64,2020-03-05,34.5,24.9,0.1,23.4,0.1
65,2020-03-06,34.3,24.9,0.0,20.5,0.0
66,2020-03-07,34.8,24.6,0.0,20.5,0.0
67,2020-03-08,34.8,24.5,0.0,15.3,0.0
68,2020-03-09,34.7,25.5,0.8,14.9,0.8
69,2020-03-10,35.2,25.5,0.1,17.6,0.1
70,2020-03-11,33.0,26.0,1.5,20.6,1.5
71,2020-03-12,36.8,24.4,0.0,24.2,0.0
72,2020-03-13,35.5,25.2,0.0,22.3,0.0
73,2020-03-14,37.2,25.5,0.0,26.2,0.0
74,2020-03-15,37.1,24.4,0.1,26.0,0.1
75,2020-03-16,37.7,25.2,0.0,27.5,0.0
76,2020-03-17,36.2,25.4,0.0,22.0,0.0
77,2020-03-18,36.3,24.6,0.0,23.1,0.0
78,2020-03-19,35.5,25.9,0.0,25.9,0.0
79,2020-03-20,35.5,25.1,0.0,24.0,0.0
80,2020-03-21,35.7,24.9,0.0,23.8,0.0
81,2020-03-22,34.8,24.8,0.7,19.5,0.7
82,2020-03-23,35.2,25.5,0.1,21.7,0.1
83,2020-03-24,35.0,25.0,0.1,21.5,0.1
84,2020-03-25,36.0,25.0,0.0,22.0,0.0
85,2020-03-26,35.5,25.5,0.1,23.2,0.1
86,2020-03-27,35.7,25.6,0.1,20.3,0.1
87,2020-03-28,34.8,25.9,0.2,19.5,0.2
88,2020-03-29,35.5,25.6,0.0,23.7,0.0
89,2020-03-30,35.3,25.8,0.1,17.9,0.1
90,2020-03-31,35.5,26.1,0.7,20.3,0.7
91,2020-04-01,36.3,26.3,0.2,23.8,0.2
92,2020-04-02,36.1,26.1,0.0,21.1,0.0
93,2020-04-03,37.0,26.2,0.0,27.7,0.0
94,2020-04-04,37.2,26.3,0.0,24.2,0.0
95,2020-04-05,38.8,26.0,0.0,27.8,0.0
96,2020-04-06,35.5,26.2,1.2,19.3,1.2
97,2020-04-07,36.0,26.7,1.0,19.0,1.0
98,2020-04-08,32.2,26.1,7.7,18.6,7.7
99,2020-04-09,30.7,25.2,7.4,14.5,7.4
100,2020-04-10,30.8,25.1,4.2,12.9,4.2
101,2020-04-11,32.2,25.5,0.7,16.5,0.7
102,2020-04-12,32.3,25.5,2.4,15.8,2.4
103,2020-04-13,30.0,25.4,11.0,15.5,11.0
104,2020-04-14,32.0,24.4,6.8,11.0,6.8
105,2020-04-15,31.7,24.8,2.1,15.8,2.1
106,2020-04-16,33.6,24.9,1.1,16.3,1.1
107,2020-04-17,33.1,25.5,0.5,15.8,0.5
108,2020-04-18,32.8,24.5,0.3,17.7,0.3
109,2020-04-19,34.0,25.6,0.2,17.3,0.2
110,2020-04-20,35.0,25.2,0.0,20.6,0.0
111,2020-04-21,35.5,24.7,0.0,22.7,0.0
112,2020-04-22,33.8,25.5,0.2,16.3,0.2
113,2020-04-23,35.5,26.3,0.4,18.1,0.4
114,2020-04-24,34.5,27.0,3.2,15.6,3.2
115,2020-04-25,34.5,25.5,0.4,15.1,0.4
116,2020-04-26,35.2,25.8,9.2,16.4,9.2
117,2020-04-27,33.0,24.6,0.2,12.7,0.2
118,2020-04-28,33.2,26.0,0.1,16.5,0.1
119,2020-04-29,36.7,24.6,0.0,16.0,0.0
120,2020-04-30,35.5,26.5,0.2,18.9,0.2
121,2020-05-01,36.8,26.1,0.0,22.3,0.0
122,2020-05-02,34.9,26.5,0.0,19.7,0.0
123,2020-05-03,35.2,26.8,0.1,19.2,0.1
124,2020-05-04,35.0,27.2,0.6,16.8,0.6
125,2020-05-05,35.5,27.4,0.2,18.8,0.2
126,2020-05-06,35.5,27.1,0.4,17.0,0.4
127,2020-05-07,35.8,27.5,0.5,18.8,0.5
128,2020-05-08,36.2,27.5,0.9,19.2,0.9
129,2020-05-09,36.8,27.8,0.5,18.1,0.5
130,2020-05-10,36.8,27.8,0.1,22.7,0.1
131,2020-05-11,36.2,28.0,0.0,16.7,0.0
132,2020-05-12,36.7,27.6,1.3,16.9,1.3
133,2020-05-13,35.8,27.7,2.7,19.2,2.7
134,2020-05-14,36.0,27.3,0.4,17.7,0.4
135,2020-05-15,34.5,28.0,1.2,18.2,1.2
136,2020-05-16,35.3,27.5,2.4,10.5,2.4
137,2020-05-17,33.4,26.7,9.1,8.1,9.1
138,2020-05-18,34.8,27.1,1.7,14.5,1.7
139,2020-05-19,35.0,27.4,15.6,15.3,15.6
140,2020-05-20,32.0,26.3,22.1,13.4,22.1
141,2020-05-21,33.7,26.0,1.0,15.5,1.0
142,2020-05-22,32.8,26.5,3.9,11.9,3.9
143,2020-05-23,33.0,26.5,6.0,14.8,6.0
144,2020-05-24,32.5,25.8,3.5,16.6,3.5
145,2020-05-25,32.1,26.4,7.6,10.9,7.6
146,2020-05-26,35.1,25.7,0.0,11.1,0.0
147,2020-05-27,33.7,26.4,21.1,14.9,21.1
148,2020-05-28,32.0,25.0,22.7,10.2,22.7
149,2020-05-29,32.5,26.1,3.3,15.3,3.3
150,2020-05-30,31.9,25.5,21.2,9.7,21.2
151,2020-05-31,32.2,26.0,4.0,11.4,4.0
152,2020-06-01,32.3,25.4,16.5,14.0,16.5
153,2020-06-02,31.2,24.3,26.3,10.9,26.3
154,2020-06-03,32.6,25.5,24.8,12.0,24.8
155,2020-06-04,32.2,25.6,4.2,15.5,4.2
156,2020-06-05,32.5,24.8,22.4,12.8,22.4
157,2020-06-06,32.0,25.4,8.6,11.9,8.6
158,2020-06-07,32.5,25.0,5.2,11.9,5.2
159,2020-06-08,31.6,25.0,1.3,10.0,1.3
160,2020-06-09,32.0,26.2,2.8,10.5,2.8
161,2020-06-10,30.3,24.8,20.3,10.8,20.3
162,2020-06-11,29.3,25.0,9.6,8.7,9.6
163,2020-06-12,31.5,25.0,2.4,15.0,2.4
164,2020-06-13,32.0,24.8,32.7,17.6,32.7
165,2020-06-14,30.7,25.2,20.8,16.7,20.8
166,2020-06-15,31.1,25.0,17.3,15.5,17.3
167,2020-06-16,31.1,24.9,22.2,16.6,22.2
168,2020-06-17,31.8,24.6,1.3,13.0,1.3
169,2020-06-18,32.0,24.8,18.2,13.1,18.2
170,2020-06-19,31.4,25.5,7.8,10.8,7.8
171,2020-06-20,31.0,25.3,15.2,14.0,15.2
172,2020-06-21,31.5,25.1,13.1,12.4,13.1
173,2020-06-22,30.9,24.8,5.6,14.7,5.6
174,2020-06-23,32.6,25.0,1.2,12.7,1.2
175,2020-06-24,32.2,25.2,14.8,13.6,14.8
176,2020-06-25,31.1,24.3,9.7,14.1,9.7
177,2020-06-26,31.3,24.0,18.9,12.1,18.9
178,2020-06-27,30.5,24.2,4.2,11.7,4.2
179,2020-06-28,30.5,24.9,4.5,17.8,4.5
180,2020-06-29,28.4,24.6,13.8,13.8,13.8
181,2020-06-30,30.1,24.2,15.9,13.6,15.9
182,2020-07-01,31.0,24.0,11.7,17.3,11.7
183,2020-07-02,31.1,25.0,16.6,14.4,16.6
184,2020-07-03,28.7,25.0,13.6,15.3,13.6
185,2020-07-04,30.6,23.5,0.3,15.6,0.3
186,2020-07-05,31.9,24.4,10.8,8.6,10.8
187,2020-07-06,28.7,24.5,19.0,15.6,19.0
188,2020-07-07,31.0,24.9,4.3,17.1,4.3
189,2020-07-08,29.7,24.8,3.4,10.5,3.4
190,2020-07-09,32.2,24.3,6.3,9.7,6.3
191,2020-07-10,30.8,25.5,15.2,13.6,15.2
192,2020-07-11,31.8,24.6,7.9,15.5,7.9
193,2020-07-12,31.5,24.1,13.3,14.0,13.3
194,2020-07-13,28.9,24.2,14.0,12.4,14.0
195,2020-07-14,31.3,24.9,5.1,11.7,5.1
196,2020-07-15,29.9,24.0,4.4,10.0,4.4
197,2020-07-16,31.0,25.7,7.5,12.9,7.5
198,2020-07-17,31.0,25.1,2.7,11.7,2.7
199,2020-07-18,31.2,25.4,15.3,14.7,15.3
200,2020-07-19,32.2,24.4,4.0,11.5,4.0
201,2020-07-20,31.0,24.9,6.7,10.2,6.7
202,2020-07-21,29.8,24.7,7.1,12.0,7.1
203,2020-07-22,32.0,25.1,2.3,10.7,2.3
204,2020-07-23,31.8,25.1,19.3,10.4,19.3
205,2020-07-24,29.6,25.4,14.0,9.0,14.0
206,2020-07-25,30.5,24.3,3.1,11.4,3.1
207,2020-07-26,30.7,25.1,1.7,10.3,1.7
208,2020-07-27,31.7,24.6,7.0,13.4,7.0
209,2020-07-28,31.2,24.8,16.0,19.1,16.0
210,2020-07-29,31.4,24.6,11.3,16.6,11.3
211,2020-07-30,30.7,24.6,19.7,15.4,19.7
212,2020-07-31,29.9,25.5,10.2,20.0,10.2
213,2020-08-01,27.5,24.8,7.2,22.9,7.2
214,2020-08-02,29.8,24.9,8.4,28.9,8.4
215,2020-08-03,28.8,24.8,10.0,23.7,10.0
216,2020-08-04,28.9,24.5,8.6,16.1,8.6
217,2020-08-05,29.8,24.0,35.7,12.5,35.7
218,2020-08-06,29.5,24.2,37.3,13.0,37.3
219,2020-08-07,30.8,24.6,10.4,15.1,10.4
220,2020-08-08,29.8,24.8,21.1,20.9,21.1
221,2020-08-09,30.8,24.3,9.7,14.7,9.7
222,2020-08-10,30.7,25.1,2.2,21.3,2.2
223,2020-08-11,32.2,24.8,5.9,19.1,5.9
224,2020-08-12,30.2,24.7,8.0,13.6,8.0
225,2020-08-13,29.6,24.6,16.7,12.6,16.7
226,2020-08-14,30.5,24.0,15.0,11.2,15.0
227,2020-08-15,31.2,23.4,0.3,13.4,0.3
228,2020-08-16,32.5,24.4,3.7,12.9,3.7
229,2020-08-17,31.2,24.8,9.8,15.2,9.8
230,2020-08-18,31.8,24.9,15.9,13.3,15.9
231,2020-08-19,31.0,24.3,13.3,18.2,13.3
232,2020-08-20,30.4,24.8,2.5,9.3,2.5
233,2020-08-21,31.8,24.9,3.6,10.5,3.6
234,2020-08-22,32.5,25.1,0.1,13.0,0.1
235,2020-08-23,32.2,25.0,4.4,12.2,4.4
236,2020-08-24,32.4,24.5,10.5,14.4,10.5
237,2020-08-25,32.7,25.2,2.0,14.0,2.0
238,2020-08-26,33.2,25.4,3.0,14.0,3.0
239,2020-08-27,33.8,25.9,4.4,17.8,4.4
240,2020-08-28,33.2,25.3,3.7,18.5,3.7
241,2020-08-29,32.5,25.0,3.2,15.6,3.2
242,2020-08-30,32.3,24.9,5.3,12.3,5.3
243,2020-08-31,32.8,25.1,1.7,15.2,1.7
244,2020-09-01,31.8,25.1,12.5,10.5,12.5
245,2020-09-02,32.3,25.4,9.6,16.4,9.6
246,2020-09-03,32.7,24.0,21.7,10.9,21.7
247,2020-09-04,31.5,25.4,16.4,17.6,16.4
248,2020-09-05,32.1,24.9,1.4,11.1,1.4
249,2020-09-06,31.8,25.1,15.0,10.5,15.0
250,2020-09-07,32.5,24.7,4.8,12.6,4.8
251,2020-09-08,31.8,24.9,1.6,11.6,1.6
252,2020-09-09,31.5,25.8,6.8,12.9,6.8
253,2020-09-10,31.5,24.5,6.9,11.8,6.9
254,2020-09-11,31.5,25.0,11.5,14.2,11.5
255,2020-09-12,32.2,24.8,20.0,14.7,20.0
256,2020-09-13,30.7,24.2,20.8,9.2,20.8
257,2020-09-14,28.8,24.0,13.6,11.7,13.6
258,2020-09-15,31.0,23.9,27.6,12.3,27.6
259,2020-09-16,30.9,24.2,7.2,13.6,7.2
260,2020-09-17,30.7,25.4,7.4,19.5,7.4
261,2020-09-18,28.2,24.5,19.5,23.9,19.5
262,2020-09-19,29.5,24.2,17.5,23.1,17.5
263,2020-09-20,30.2,23.8,8.9,13.0,8.9
264,2020-09-21,31.8,24.0,3.4,10.1,3.4
265,2020-09-22,31.4,25.0,7.8,13.2,7.8
266,2020-09-23,30.8,24.6,13.6,14.2,13.6
267,2020-09-24,31.4,24.3,10.1,13.9,10.1
268,2020-09-25,31.0,25.1,2.6,15.1,2.6
269,2020-09-26,30.7,24.1,2.6,14.0,2.6
270,2020-09-27,29.5,23.7,42.3,14.3,42.3
271,2020-09-28,28.0,24.4,19.7,20.5,19.7
272,2020-09-29,30.5,23.5,4.4,15.7,4.4
273,2020-09-30,31.5,24.4,5.9,14.5,5.9
274,2020-10-01,31.2,24.8,9.9,10.5,9.9
275,2020-10-02,29.4,24.2,20.2,12.6,20.2
276,2020-10-03,31.2,24.0,6.5,14.7,6.5
277,2020-10-04,30.1,24.4,9.8,10.0,9.8
278,2020-10-05,29.3,23.6,21.4,13.6,21.4
279,2020-10-06,29.7,23.7,22.7,11.6,22.7
280,2020-10-07,28.4,24.0,23.1,16.0,23.1
281,2020-10-08,30.0,23.8,9.8,12.8,9.8
282,2020-10-09,28.9,25.0,15.4,11.9,15.4
283,2020-10-10,27.6,24.4,29.4,14.1,29.4
284,2020-10-11,27.8,24.1,13.7,17.3,13.7
285,2020-10-12,27.9,24.2,6.4,13.2,6.4
286,2020-10-13,28.0,23.6,22.6,10.9,22.6
287,2020-10-14,27.4,23.8,13.5,15.8,13.5
288,2020-10-15,29.0,23.8,28.8,22.1,28.8
289,2020-10-16,27.0,24.1,13.9,20.6,13.9
290,2020-10-17,27.2,24.0,9.7,13.5,9.7
291,2020-10-18,27.4,24.0,11.8,17.4,11.8
292,2020-10-19,28.2,24.0,12.9,9.3,12.9
293,2020-10-20,30.6,23.8,13.6,11.0,13.6
294,2020-10-21,30.4,23.5,26.2,12.6,26.2
295,2020-10-22,31.2,24.1,1.1,11.9,1.1
296,2020-10-23,30.2,23.9,0.7,12.2,0.7
297,2020-10-24,29.7,24.1,3.3,15.6,3.3
298,2020-10-25,28.9,23.8,18.1,8.6,18.1
299,2020-10-26,30.5,23.7,13.3,8.5,13.3
300,2020-10-27,30.2,23.6,0.0,14.5,0.0
301,2020-10-28,29.1,24.6,1.3,23.1,1.3
302,2020-10-29,30.6,24.0,18.4,18.5,18.4
303,2020-10-30,31.0,24.1,5.7,11.7,5.7
304,2020-10-31,31.5,23.8,8.1,9.2,8.1
305,2020-11-01,30.9,23.8,2.7,14.3,2.7
306,2020-11-02,28.5,24.1,25.0,10.5,25.0
307,2020-11-03,30.5,23.5,0.9,11.8,0.9
308,2020-11-04,30.2,23.3,2.2,12.3,2.2
309,2020-11-05,31.6,23.0,0.0,10.9,0.0
310,2020-11-06,30.2,24.5,3.1,11.2,3.1
311,2020-11-07,30.6,24.5,8.7,12.0,8.7
312,2020-11-08,30.8,24.0,1.8,17.6,1.8
313,2020-11-09,30.8,22.1,0.3,21.6,0.3
314,2020-11-10,28.5,22.8,2.1,24.9,2.1
315,2020-11-11,27.9,23.1,1.3,14.2,1.3
316,2020-11-12,30.9,23.5,1.3,9.7,1.3
317,2020-11-13,30.8,23.0,0.7,12.4,0.7
318,2020-11-14,31.5,22.2,0.0,11.8,0.0
319,2020-11-15,30.8,23.5,1.1,11.2,1.1
320,2020-11-16,31.8,23.8,1.0,7.6,1.0
321,2020-11-17,31.9,23.4,0.2,9.9,0.2
322,2020-11-18,32.5,24.2,0.3,13.2,0.3
323,2020-11-19,31.8,24.9,4.1,13.6,4.1
324,2020-11-20,31.8,24.3,9.0,13.0,9.0
325,2020-11-21,31.5,24.5,18.0,16.8,18.0
326,2020-11-22,31.6,23.8,0.1,13.7,0.1
327,2020-11-23,31.4,23.2,3.3,13.9,3.3
328,2020-11-24,31.4,23.4,0.4,10.2,0.4
329,2020-11-25,32.0,24.0,0.0,10.4,0.0
330,2020-11-26,31.3,23.5,0.0,11.2,0.0
331,2020-11-27,31.5,22.6,0.4,7.3,0.4
332,2020-11-28,32.2,22.7,20.9,12.1,20.9
333,2020-11-29,28.2,23.9,10.9,18.1,10.9
334,2020-11-30,30.0,23.0,3.7,9.7,3.7
335,2020-12-01,29.6,23.7,5.1,12.5,5.1
336,2020-12-02,31.2,23.7,0.3,14.6,0.3
337,2020-12-03,31.0,21.6,0.0,14.0,0.0
338,2020-12-04,31.0,20.6,0.0,11.6,0.0
339,2020-12-05,32.0,21.2,0.0,13.9,0.0
340,2020-12-06,33.0,22.8,0.0,10.2,0.0
341,2020-12-07,29.2,23.5,0.2,12.9,0.2
342,2020-12-08,32.8,24.4,0.1,18.5,0.1
343,2020-12-09,28.6,24.1,13.0,11.6,13.0
344,2020-12-10,31.9,23.5,3.0,12.5,3.0
345,2020-12-11,31.8,24.5,5.0,12.1,5.0
346,2020-12-12,31.6,23.9,7.4,13.2,7.4
347,2020-12-13,31.4,23.9,5.8,7.0,5.8
348,2020-12-14,30.8,24.0,1.4,10.1,1.4
349,2020-12-15,31.0,23.9,26.8,9.4,26.8
350,2020-12-16,31.2,22.6,0.1,11.0,0.1
351,2020-12-17,31.5,23.1,0.5,10.2,0.5
352,2020-12-18,31.4,23.4,2.7,9.2,2.7
353,2020-12-19,31.3,23.4,0.0,19.2,0.0
354,2020-12-20,31.4,23.0,0.0,24.4,0.0
355,2020-12-21,31.5,22.1,0.0,23.9,0.0
356,2020-12-22,30.5,21.5,1.2,20.5,1.2
357,2020-12-23,31.3,22.9,3.7,12.7,3.7
358,2020-12-24,31.5,23.4,2.3,22.4,2.3
359,2020-12-25,32.7,23.6,0.4,16.7,0.4
360,2020-12-26,33.2,23.4,0.0,14.8,0.0
361,2020-12-27,32.2,23.5,0.5,15.8,0.5
362,2020-12-28,32.0,23.0,0.9,14.3,0.9
363,2020-12-29,34.1,22.9,0.1,15.2,0.1
364,2020-12-30,32.7,25.2,0.5,19.5,0.5
365,2020-12-31,30.9,23.3,0.3,21.5,0.3
366,2021-01-01,30.9,22.2,0.0,21.6,0.0
367,2021-01-02,32.2,22.4,0.3,10.9,0.3
368,2021-01-03,33.2,22.4,0.2,18.5,0.2
369,2021-01-04,33.5,23.4,1.0,16.4,1.0
370,2021-01-05,33.0,24.0,3.9,15.0,3.9
371,2021-01-06,33.3,23.9,0.1,14.4,0.1
372,2021-01-07,35.2,24.5,0.0,19.8,0.0
373,2021-01-08,34.5,23.4,0.0,17.6,0.0
374,2021-01-09,32.5,22.6,0.0,18.2,0.0
375,2021-01-10,32.9,21.9,0.0,18.9,0.0
376,2021-01-11,34.3,21.4,0.0,24.4,0.0
377,2021-01-12,32.9,21.5,0.0,15.9,0.0
378,2021-01-13,30.8,19.4,0.0,11.3,0.0
379,2021-01-14,31.8,20.5,0.0,21.2,0.0
380,2021-01-15,32.8,20.7,0.0,20.6,0.0
381,2021-01-16,32.8,21.7,0.0,18.8,0.0
382,2021-01-17,34.7,21.8,0.0,20.1,0.0
383,2021-01-18,32.6,21.5,0.0,16.1,0.0
384,2021-01-19,31.3,20.2,0.0,10.7,0.0
385,2021-01-20,32.7,21.6,0.0,16.5,0.0
386,2021-01-21,32.8,22.3,0.0,18.1,0.0
387,2021-01-22,31.5,23.3,10.0,13.2,10.0
388,2021-01-23,29.0,23.7,5.1,11.9,5.1
389,2021-01-24,30.8,22.7,1.3,13.7,1.3
390,2021-01-25,31.1,22.6,0.2,19.5,0.2
391,2021-01-26,31.8,22.3,0.2,14.4,0.2
392,2021-01-27,32.5,22.0,0.3,11.3,0.3
393,2021-01-28,33.1,22.6,0.2,18.7,0.2
394,2021-01-29,31.5,21.9,0.0,17.6,0.0
395,2021-01-30,32.8,20.1,0.0,12.9,0.0
396,2021-01-31,32.8,22.0,0.0,12.0,0.0
397,2021-02-01,33.3,22.6,0.0,19.3,0.0
398,2021-02-02,33.2,22.8,0.0,19.8,0.0
399,2021-02-03,33.2,21.0,0.0,17.6,0.0
400,2021-02-04,34.0,21.3,0.0,16.6,0.0
401,2021-02-05,33.1,23.0,0.5,19.9,0.5
402,2021-02-06,32.5,23.4,0.4,18.7,0.4
403,2021-02-07,33.2,24.1,0.1,14.9,0.1
404,2021-02-08,32.5,24.2,1.5,10.6,1.5
405,2021-02-09,32.0,23.5,0.3,14.8,0.3
406,2021-02-10,31.4,23.5,12.2,14.1,12.2
407,2021-02-11,29.9,24.0,0.6,13.0,0.6
408,2021-02-12,31.2,22.8,2.1,18.7,2.1
409,2021-02-13,31.4,21.8,0.0,19.5,0.0
410,2021-02-14,30.6,21.0,0.0,21.5,0.0
411,2021-02-15,31.6,20.8,0.0,21.6,0.0
412,2021-02-16,32.0,21.4,0.0,21.0,0.0
413,2021-02-17,33.0,21.5,0.0,23.2,0.0
414,2021-02-18,32.5,20.3,0.0,14.3,0.0
415,2021-02-19,32.9,20.5,0.0,17.8,0.0
416,2021-02-20,32.8,20.8,0.0,16.0,0.0
417,2021-02-21,32.2,20.5,0.0,18.3,0.0
418,2021-02-22,33.0,20.9,0.0,23.2,0.0
419,2021-02-23,33.3,21.6,0.0,23.0,0.0
420,2021-02-24,34.5,22.8,0.0,20.2,0.0
421,2021-02-25,34.2,22.6,0.0,16.7,0.0
422,2021-02-26,32.7,24.0,0.1,17.3,0.1
423,2021-02-27,33.0,24.0,0.2,15.5,0.2
424,2021-02-28,32.7,23.6,0.6,19.1,0.6
425,2021-03-01,34.0,24.3,0.0,19.5,0.0
426,2021-03-02,35.5,24.6,0.2,20.6,0.2
427,2021-03-03,36.1,24.0,0.5,20.4,0.5
428,2021-03-04,36.8,24.7,0.0,27.2,0.0
429,2021-03-05,36.1,22.5,0.0,26.9,0.0
430,2021-03-06,36.3,22.5,0.0,23.2,0.0
431,2021-03-07,35.7,24.0,0.3,23.8,0.3
432,2021-03-08,35.7,23.9,0.0,21.6,0.0
433,2021-03-09,34.2,24.3,0.3,18.5,0.3
434,2021-03-10,34.3,23.6,0.2,16.3,0.2
435,2021-03-11,35.0,25.2,0.3,21.4,0.3
436,2021-03-12,36.0,24.9,0.0,20.6,0.0
437,2021-03-13,35.7,25.0,0.1,22.9,0.1
438,2021-03-14,35.3,23.2,0.0,24.5,0.0
439,2021-03-15,35.3,23.5,0.1,21.3,0.1
440,2021-03-16,33.5,24.6,0.1,23.0,0.1
441,2021-03-17,34.2,24.1,0.1,20.5,0.1
442,2021-03-18,34.3,24.1,0.0,23.8,0.0
443,2021-03-19,36.0,24.3,0.1,21.5,0.1
444,2021-03-20,33.0,25.6,1.1,17.6,1.1
445,2021-03-21,34.8,25.6,1.4,22.9,1.4
446,2021-03-22,35.8,24.7,0.0,19.1,0.0
447,2021-03-23,36.7,25.6,2.0,13.2,2.0
448,2021-03-24,35.8,26.0,3.6,18.1,3.6
449,2021-03-25,33.0,26.0,0.4,19.5,0.4
450,2021-03-26,35.7,24.6,0.0,23.7,0.0
451,2021-03-27,35.3,25.1,0.1,23.7,0.1
452,2021-03-28,35.8,25.1,0.0,19.0,0.0
453,2021-03-29,35.0,25.4,0.0,18.1,0.0
454,2021-03-30,34.2,25.2,0.3,17.4,0.3
455,2021-03-31,35.8,25.2,0.0,18.9,0.0
456,2021-04-01,35.1,25.9,0.4,18.2,0.4
457,2021-04-02,34.8,26.3,5.3,18.2,5.3
458,2021-04-03,32.2,24.7,12.0,16.7,12.0
459,2021-04-04,31.3,25.5,7.9,14.6,7.9
460,2021-04-05,32.8,24.5,0.2,17.1,0.2
461,2021-04-06,35.4,24.4,0.0,23.6,0.0
462,2021-04-07,33.8,24.2,0.1,18.0,0.1
463,2021-04-08,32.8,25.5,0.9,13.3,0.9
464,2021-04-09,33.0,25.9,5.4,15.5,5.4
465,2021-04-10,33.7,24.9,1.8,18.7,1.8
466,2021-04-11,35.3,25.1,0.4,19.4,0.4
467,2021-04-12,34.3,25.8,1.0,14.9,1.0
468,2021-04-13,33.7,25.5,3.4,16.3,3.4
469,2021-04-14,33.3,25.4,6.8,14.6,6.8
470,2021-04-15,31.7,24.1,48.1,14.1,48.1
471,2021-04-16,31.2,24.1,14.6,13.0,14.6
472,2021-04-17,32.0,24.6,18.8,11.0,18.8
473,2021-04-18,30.0,24.9,12.2,13.3,12.2
474,2021-04-19,30.8,24.5,8.6,13.0,8.6
475,2021-04-20,32.3,25.0,3.2,8.7,3.2
476,2021-04-21,31.6,25.6,5.5,9.9,5.5
477,2021-04-22,29.2,24.9,17.5,9.8,17.5
478,2021-04-23,31.2,24.7,17.7,14.7,17.7
479,2021-04-24,32.3,24.5,4.8,14.8,4.8
480,2021-04-25,31.8,24.5,6.6,12.0,6.6
481,2021-04-26,32.2,24.9,0.3,14.4,0.3
482,2021-04-27,30.8,25.5,13.3,12.6,13.3
483,2021-04-28,31.5,25.1,3.5,12.8,3.5
484,2021-04-29,32.0,25.3,0.1,13.7,0.1
485,2021-04-30,32.5,25.2,0.4,14.2,0.4
486,2021-05-01,30.8,25.4,6.1,17.0,6.1
487,2021-05-02,32.9,25.4,0.3,15.4,0.3
488,2021-05-03,33.5,25.5,0.4,18.5,0.4
489,2021-05-04,33.5,24.8,0.3,16.0,0.3
490,2021-05-05,34.4,25.6,1.9,14.9,1.9
491,2021-05-06,34.1,26.0,0.6,16.1,0.6
492,2021-05-07,32.8,25.0,1.3,17.2,1.3
493,2021-05-08,32.7,25.7,1.8,18.6,1.8
494,2021-05-09,32.6,26.4,7.8,12.6,7.8
495,2021-05-10,33.1,26.0,0.7,12.1,0.7
496,2021-05-11,33.2,26.0,1.5,13.1,1.5
497,2021-05-12,34.5,26.5,3.4,12.7,3.4
498,2021-05-13,33.2,26.7,5.4,18.4,5.4
499,2021-05-14,31.6,26.5,3.4,14.9,3.4
500,2021-05-15,32.8,25.9,3.3,16.0,3.3
501,2021-05-16,32.8,25.8,4.8,15.0,4.8
502,2021-05-17,31.9,25.0,31.1,16.6,31.1
503,2021-05-18,31.5,25.4,7.2,13.3,7.2
504,2021-05-19,32.5,25.4,8.7,13.0,8.7
505,2021-05-20,32.5,25.5,13.6,14.2,13.6
506,2021-05-21,31.5,25.7,15.8,11.6,15.8
507,2021-05-22,30.9,25.3,17.1,16.8,17.1
508,2021-05-23,31.3,25.2,22.1,17.6,22.1
509,2021-05-24,29.7,26.0,8.7,16.1,8.7
510,2021-05-25,28.7,24.6,63.1,11.7,63.1
511,2021-05-26,29.2,24.8,9.9,14.5,9.9
512,2021-05-27,30.2,24.9,20.5,14.2,20.5
513,2021-05-28,30.8,24.8,3.9,12.4,3.9
514,2021-05-29,31.6,25.3,4.1,14.5,4.1
515,2021-05-30,32.9,24.8,0.7,11.0,0.7
516,2021-05-31,33.0,25.7,2.8,12.2,2.8
517,2021-06-01,32.0,25.9,6.4,10.8,6.4
518,2021-06-02,32.3,26.1,3.1,11.9,3.1
519,2021-06-03,32.8,25.6,3.6,11.2,3.6
520,2021-06-04,33.5,25.2,0.2,12.1,0.2
521,2021-06-05,33.0,26.0,5.9,17.6,5.9
522,2021-06-06,32.3,25.0,4.3,20.6,4.3
523,2021-06-07,31.9,25.7,9.2,24.9,9.2
524,2021-06-08,28.9,24.9,6.4,16.6,6.4
525,2021-06-09,30.3,25.2,4.7,11.6,4.7
526,2021-06-10,30.6,25.0,12.4,20.0,12.4
527,2021-06-11,31.5,24.6,4.1,20.2,4.1
528,2021-06-12,30.0,24.9,9.0,18.3,9.0
529,2021-06-13,31.1,24.8,0.8,22.0,0.8
530,2021-06-14,32.2,24.9,1.0,17.6,1.0
531,2021-06-15,30.6,24.8,4.3,15.5,4.3
532,2021-06-16,31.7,24.9,11.3,14.9,11.3
533,2021-06-17,32.9,24.9,0.3,11.8,0.3
534,2021-06-18,32.2,24.9,2.8,11.4,2.8
535,2021-06-19,31.6,25.0,10.2,13.1,10.2
536,2021-06-20,32.4,25.0,17.7,16.1,17.7
537,2021-06-21,31.4,24.8,9.8,25.2,9.8
538,2021-06-22,31.0,24.5,13.5,16.6,13.5
539,2021-06-23,30.9,24.3,9.3,20.5,9.3
540,2021-06-24,31.5,24.0,8.3,13.9,8.3
541,2021-06-25,32.2,25.0,2.9,14.4,2.9
542,2021-06-26,31.9,24.9,0.8,14.6,0.8
543,2021-06-27,32.7,24.6,0.9,14.3,0.9
544,2021-06-28,32.8,25.0,5.7,13.0,5.7
545,2021-06-29,32.5,25.1,3.7,11.0,3.7
546,2021-06-30,32.2,25.6,2.6,14.5,2.6
547,2021-07-01,32.6,24.7,3.9,11.6,3.9
548,2021-07-02,33.0,24.6,0.2,12.8,0.2
549,2021-07-03,33.8,25.0,0.3,10.0,0.3
550,2021-07-04,32.0,26.0,8.4,15.4,8.4
551,2021-07-05,30.3,25.3,18.0,13.5,18.0
552,2021-07-06,28.2,25.0,7.4,16.9,7.4
553,2021-07-07,29.6,24.7,9.5,16.5,9.5
554,2021-07-08,27.2,24.6,11.9,15.0,11.9
555,2021-07-09,29.2,23.7,22.3,14.6,22.3
556,2021-07-10,30.3,24.3,8.4,13.1,8.4
557,2021-07-11,30.9,24.5,7.3,11.8,7.3
558,2021-07-12,31.5,25.2,6.1,14.3,6.1
559,2021-07-13,30.4,24.4,9.5,12.7,9.5
560,2021-07-14,30.5,24.5,22.7,10.6,22.7
561,2021-07-15,28.8,24.1,27.7,9.7,27.7
562,2021-07-16,31.5,23.9,4.0,14.6,4.0
563,2021-07-17,32.2,24.5,5.5,17.1,5.5
564,2021-07-18,30.4,25.1,18.4,18.1,18.4
565,2021-07-19,29.6,25.4,2.7,16.6,2.7
566,2021-07-20,31.2,25.0,7.5,23.7,7.5
567,2021-07-21,30.2,25.0,8.8,22.9,8.8
568,2021-07-22,29.5,25.0,1.8,16.3,1.8
569,2021-07-23,29.8,25.5,4.9,27.3,4.9
570,2021-07-24,31.5,25.9,1.5,21.9,1.5
571,2021-07-25,29.6,25.9,5.1,28.7,5.1
572,2021-07-26,31.3,25.0,3.4,19.8,3.4
573,2021-07-27,31.4,25.3,8.5,22.4,8.5
574,2021-07-28,30.9,25.8,9.9,24.7,9.9
575,2021-07-29,29.8,25.2,14.0,21.2,14.0
576,2021-07-30,30.0,24.9,17.5,22.0,17.5
577,2021-07-31,31.4,25.0,6.9,17.7,6.9
578,2021-08-01,32.2,25.1,2.9,23.7,2.9
579,2021-08-02,31.2,25.7,5.4,22.1,5.4
580,2021-08-03,30.4,26.0,3.4,22.8,3.4
581,2021-08-04,32.5,25.8,2.8,23.7,2.8
582,2021-08-05,31.3,25.8,2.6,25.0,2.6
583,2021-08-06,32.0,25.4,2.0,21.0,2.0
584,2021-08-07,32.3,25.2,3.5,19.9,3.5
585,2021-08-08,31.9,25.3,6.7,15.3,6.7
586,2021-08-09,32.0,25.9,1.3,15.1,1.3
587,2021-08-10,30.7,25.7,11.6,19.4,11.6
588,2021-08-11,30.8,25.2,14.2,14.5,14.2
589,2021-08-12,29.0,24.9,8.1,13.5,8.1
590,2021-08-13,30.9,24.6,9.6,15.1,9.6
591,2021-08-14,30.0,25.1,10.7,16.2,10.7
592,2021-08-15,29.9,24.5,0.0,12.8,0.0
593,2021-08-16,32.3,23.5,3.7,8.7,3.7
594,2021-08-17,31.4,24.1,11.5,7.9,11.5
595,2021-08-18,31.7,24.0,15.1,10.4,15.1
596,2021-08-19,31.2,24.0,11.2,9.6,11.2
597,2021-08-20,30.9,24.6,7.4,12.7,7.4
598,2021-08-21,31.8,23.9,1.0,10.0,1.0
599,2021-08-22,31.8,24.9,7.4,17.3,7.4
600,2021-08-23,31.6,24.9,22.0,15.8,22.0
601,2021-08-24,29.4,24.4,11.4,16.7,11.4
602,2021-08-25,28.6,24.0,10.1,17.6,10.1
603,2021-08-26,28.4,23.6,17.2,16.6,17.2
604,2021-08-27,31.2,23.5,18.1,18.7,18.1
605,2021-08-28,29.9,23.8,20.2,9.3,20.2
606,2021-08-29,29.8,23.3,33.1,11.1,33.1
607,2021-08-30,30.1,23.5,21.4,12.3,21.4
608,2021-08-31,30.8,23.9,13.8,12.3,13.8
609,2021-09-01,31.0,23.9,9.5,12.3,9.5
610,2021-09-02,29.5,24.1,30.0,13.3,30.0
611,2021-09-03,30.1,23.9,10.4,16.1,10.4
612,2021-09-04,29.1,24.2,25.2,18.8,25.2
613,2021-09-05,30.0,24.1,17.0,14.0,17.0
614,2021-09-06,30.6,23.3,9.7,11.6,9.7
615,2021-09-07,30.6,24.2,9.6,16.6,9.6
616,2021-09-08,30.8,24.3,5.4,17.6,5.4
617,2021-09-09,30.0,24.3,16.0,18.9,16.0
618,2021-09-10,30.5,24.9,5.6,21.2,5.6
619,2021-09-11,30.9,25.0,2.7,26.0,2.7
620,2021-09-12,31.0,25.2,1.1,27.2,1.1
621,2021-09-13,31.0,25.1,22.3,14.9,22.3
622,2021-09-14,29.4,24.4,30.1,13.3,30.1
623,2021-09-15,30.1,23.9,26.1,14.0,26.1
624,2021-09-16,30.1,24.5,3.2,9.7,3.2
625,2021-09-17,31.5,23.9,17.4,8.9,17.4
626,2021-09-18,31.8,24.6,8.1,8.5,8.1
627,2021-09-19,27.9,23.8,27.1,13.6,27.1
628,2021-09-20,30.5,23.4,14.0,16.1,14.0
629,2021-09-21,30.4,23.9,5.2,17.0,5.2
630,2021-09-22,30.0,23.8,8.6,11.2,8.6
631,2021-09-23,30.4,24.5,4.7,11.6,4.7
632,2021-09-24,29.9,24.5,14.7,15.8,14.7
633,2021-09-25,30.5,24.4,15.1,17.4,15.1
634,2021-09-26,31.0,23.9,5.5,12.3,5.5
635,2021-09-27,31.7,24.6,4.5,13.8,4.5
636,2021-09-28,31.9,25.0,3.3,10.3,3.3
637,2021-09-29,31.6,24.7,6.1,12.9,6.1
638,2021-09-30,29.9,24.4,10.9,9.6,10.9
639,2021-10-01,30.9,24.6,25.2,8.8,25.2
640,2021-10-02,29.9,23.9,26.8,10.3,26.8
641,2021-10-03,29.2,23.9,4.4,7.6,4.4
642,2021-10-04,31.1,24.6,3.0,8.2,3.0
643,2021-10-05,30.5,24.3,27.4,11.8,27.4
644,2021-10-06,27.9,24.0,12.4,9.2,12.4
645,2021-10-07,28.0,24.4,9.7,12.6,9.7
646,2021-10-08,29.2,25.0,9.9,21.3,9.9
647,2021-10-09,29.5,24.9,9.3,21.3,9.3
648,2021-10-10,32.2,25.1,9.2,19.6,9.2
649,2021-10-11,28.7,25.3,20.4,15.4,20.4
650,2021-10-12,29.0,24.5,35.3,25.3,35.3
651,2021-10-13,30.2,24.5,19.6,20.7,19.6
652,2021-10-14,31.2,24.2,12.0,21.7,12.0
653,2021-10-15,31.2,24.0,17.0,15.3,17.0
654,2021-10-16,28.0,24.0,24.6,10.1,24.6
655,2021-10-17,29.4,23.6,12.4,13.8,12.4
656,2021-10-18,30.8,23.7,1.2,14.9,1.2
657,2021-10-19,30.5,24.6,2.3,14.5,2.3
658,2021-10-20,28.8,24.0,25.3,11.9,25.3
659,2021-10-21,30.5,23.8,3.9,11.3,3.9
660,2021-10-22,29.7,24.0,12.7,12.7,12.7
661,2021-10-23,30.5,23.4,5.1,11.1,5.1
662,2021-10-24,31.1,23.5,3.0,6.4,3.0
663,2021-10-25,30.6,23.9,4.6,12.3,4.6
664,2021-10-26,31.2,24.0,1.1,12.2,1.1
665,2021-10-27,29.4,24.1,6.3,14.0,6.3
666,2021-10-28,31.0,23.5,0.9,16.2,0.9
667,2021-10-29,31.4,24.1,10.2,14.8,10.2
668,2021-10-30,31.6,23.3,4.0,18.3,4.0
669,2021-10-31,30.5,24.0,23.8,13.9,23.8
670,2021-11-01,31.2,23.8,10.9,10.9,10.9
671,2021-11-02,31.3,23.0,0.0,11.2,0.0
672,2021-11-03,31.6,23.5,0.9,12.9,0.9
673,2021-11-04,31.3,23.7,0.4,16.2,0.4
674,2021-11-05,31.5,23.9,6.7,15.8,6.7
675,2021-11-06,30.9,24.5,3.8,13.0,3.8
676,2021-11-07,30.8,24.7,1.2,14.4,1.2
677,2021-11-08,31.8,24.6,2.6,18.4,2.6
678,2021-11-09,29.4,23.5,2.8,8.4,2.8
679,2021-11-10,31.1,24.1,3.6,9.4,3.6
680,2021-11-11,28.8,24.0,21.2,14.1,21.2
681,2021-11-12,30.8,23.5,14.9,8.7,14.9
682,2021-11-13,30.4,23.1,9.3,15.2,9.3
683,2021-11-14,27.5,23.8,11.7,7.9,11.7
684,2021-11-15,29.5,23.4,16.1,14.7,16.1
685,2021-11-16,29.4,23.9,13.9,10.9,13.9
686,2021-11-17,30.5,23.8,12.7,13.2,12.7
687,2021-11-18,30.5,23.9,13.6,18.7,13.6
688,2021-11-19,30.9,23.3,1.1,10.7,1.1
689,2021-11-20,30.0,23.8,14.9,13.2,14.9
690,2021-11-21,31.1,22.9,8.7,12.6,8.7
691,2021-11-22,28.9,24.5,6.7,17.9,6.7
692,2021-11-23,30.8,22.9,11.4,9.7,11.4
693,2021-11-24,31.1,23.4,12.7,7.6,12.7
694,2021-11-25,30.5,23.5,2.4,14.0,2.4
695,2021-11-26,30.5,22.9,0.3,12.3,0.3
696,2021-11-27,27.8,23.3,4.0,15.0,4.0
697,2021-11-28,29.5,22.8,27.0,12.0,27.0
698,2021-11-29,27.5,23.7,3.1,11.2,3.1
699,2021-11-30,27.5,23.3,7.1,20.5,7.1
700,2021-12-01,29.5,22.4,1.0,9.7,1.0
701,2021-12-02,29.8,21.1,0.0,8.2,0.0
702,2021-12-03,28.8,20.9,0.0,11.2,0.0
703,2021-12-04,27.9,19.8,0.0,10.6,0.0
704,2021-12-05,28.8,17.9,0.0,12.3,0.0
705,2021-12-06,29.5,20.9,0.4,11.4,0.4
706,2021-12-07,29.5,20.8,0.0,8.6,0.0
707,2021-12-08,30.5,20.2,0.0,9.7,0.0
708,2021-12-09,30.1,22.2,3.6,11.7,3.6
709,2021-12-10,30.0,21.2,0.0,10.7,0.0
710,2021-12-11,30.0,19.5,0.0,8.8,0.0
711,2021-12-12,30.7,21.8,0.0,9.4,0.0
712,2021-12-13,30.6,23.2,0.0,11.9,0.0
713,2021-12-14,30.6,22.5,0.0,8.9,0.0
714,2021-12-15,31.5,22.9,0.0,9.7,0.0
715,2021-12-16,31.9,23.8,0.2,11.5,0.2
716,2021-12-17,32.5,24.2,1.0,15.9,1.0
717,2021-12-18,33.0,21.9,0.0,18.8,0.0
718,2021-12-19,29.9,24.3,0.0,22.7,0.0
719,2021-12-20,29.9,21.6,0.0,10.6,0.0
720,2021-12-21,31.8,22.2,0.0,14.8,0.0
721,2021-12-22,32.0,23.8,2.0,15.6,2.0
722,2021-12-23,32.0,23.0,0.0,15.2,0.0
723,2021-12-24,31.5,22.6,0.2,12.7,0.2
724,2021-12-25,32.6,22.5,0.2,9.7,0.2
725,2021-12-26,32.6,22.8,0.0,10.1,0.0
726,2021-12-27,32.0,23.2,6.2,9.7,6.2
727,2021-12-28,31.9,23.1,4.9,16.3,4.9
728,2021-12-29,30.5,23.0,0.2,11.0,0.2
729,2021-12-30,32.7,22.6,1.3,15.8,1.3
730,2021-12-31,31.9,22.5,0.0,14.1,0.0
731,2022-01-01,32.9,23.0,0.0,14.5,0.0
732,2022-01-02,33.0,23.1,0.0,11.2,0.0
733,2022-01-03,32.2,24.3,0.2,12.7,0.2
734,2022-01-04,33.2,23.2,1.4,16.9,1.4
735,2022-01-05,32.2,23.4,0.9,12.6,0.9
736,2022-01-06,31.4,24.0,1.1,12.1,1.1
737,2022-01-07,32.8,23.6,0.4,15.3,0.4
738,2022-01-08,33.8,23.1,0.1,16.4,0.1
739,2022-01-09,32.8,22.3,0.0,18.9,0.0
740,2022-01-10,31.8,24.0,2.9,12.8,2.9
741,2022-01-11,33.7,23.2,0.1,21.0,0.1
742,2022-01-12,32.8,21.9,0.0,18.0,0.0
743,2022-01-13,32.7,22.2,0.0,19.2,0.0
744,2022-01-14,32.8,21.0,0.0,15.9,0.0
745,2022-01-15,33.0,21.3,0.0,17.9,0.0
746,2022-01-16,33.7,21.5,0.0,19.1,0.0
747,2022-01-17,32.0,23.1,0.4,16.3,0.4
748,2022-01-18,34.0,22.5,0.0,17.7,0.0
749,2022-01-19,33.3,22.5,0.0,17.7,0.0
750,2022-01-20,33.0,22.5,0.8,18.2,0.8
751,2022-01-21,32.9,22.9,0.1,18.9,0.1
752,2022-01-22,33.7,23.0,0.0,22.0,0.0
753,2022-01-23,32.7,23.2,0.2,15.2,0.2
754,2022-01-24,33.2,23.2,0.0,17.7,0.0
755,2022-01-25,32.1,23.3,1.1,16.6,1.1
756,2022-01-26,34.2,23.2,0.2,22.4,0.2
757,2022-01-27,34.8,23.2,0.1,22.4,0.1
758,2022-01-28,34.8,22.6,0.0,11.3,0.0
759,2022-01-29,33.8,23.3,0.3,19.0,0.3
760,2022-01-30,32.4,24.4,0.3,20.3,0.3
761,2022-01-31,34.2,23.5,0.0,20.8,0.0
762,2022-02-01,36.0,23.6,0.0,25.0,0.0
763,2022-02-02,35.7,23.9,0.0,20.2,0.0
764,2022-02-03,35.3,23.6,0.1,19.2,0.1
765,2022-02-04,35.5,24.4,0.2,16.6,0.2
766,2022-02-05,34.4,24.0,0.3,11.8,0.3
767,2022-02-06,35.5,23.7,0.4,20.5,0.4
768,2022-02-07,35.8,24.5,0.4,17.6,0.4
769,2022-02-08,35.5,25.2,1.0,17.5,1.0
770,2022-02-09,35.5,24.8,0.1,18.7,0.1
771,2022-02-10,36.0,24.8,1.0,17.1,1.0
772,2022-02-11,35.2,24.6,0.4,18.5,0.4
773,2022-02-12,35.0,25.4,0.2,20.3,0.2
774,2022-02-13,33.5,24.9,8.1,18.9,8.1
775,2022-02-14,34.3,24.8,0.1,19.8,0.1
776,2022-02-15,34.2,24.6,1.2,27.0,1.2
777,2022-02-16,34.1,24.7,0.1,24.9,0.1
778,2022-02-17,34.2,24.4,0.1,22.1,0.1
779,2022-02-18,34.7,24.4,1.2,21.3,1.2
780,2022-02-19,33.9,24.6,1.2,16.9,1.2
781,2022-02-20,32.4,24.6,3.6,19.5,3.6
782,2022-02-21,33.0,24.1,5.8,15.5,5.8
783,2022-02-22,32.8,23.1,2.9,15.3,2.9
784,2022-02-23,33.3,23.6,1.0,14.8,1.0
785,2022-02-24,33.4,22.5,0.0,12.4,0.0
786,2022-02-25,33.8,23.2,0.1,17.3,0.1
787,2022-02-26,34.6,22.6,0.4,14.7,0.4
788,2022-02-27,35.2,23.6,0.1,17.8,0.1
789,2022-02-28,35.8,24.1,0.7,17.1,0.7
790,2022-03-01,35.1,24.9,0.0,15.8,0.0
791,2022-03-02,33.0,25.0,0.0,17.2,0.0
792,2022-03-03,34.3,25.1,0.4,17.6,0.4
793,2022-03-04,36.5,24.4,0.1,19.3,0.1
794,2022-03-05,36.3,25.0,1.5,20.8,1.5
795,2022-03-06,35.5,25.0,2.3,22.4,2.3
796,2022-03-07,35.2,25.0,2.0,21.5,2.0
797,2022-03-08,35.0,23.5,0.0,20.2,0.0
798,2022-03-09,34.5,24.0,0.3,20.3,0.3
799,2022-03-10,33.0,23.5,0.2,19.9,0.2
800,2022-03-11,35.3,23.1,0.0,21.9,0.0
801,2022-03-12,35.2,23.7,0.0,25.0,0.0
802,2022-03-13,35.0,25.5,5.1,19.7,5.1
803,2022-03-14,35.4,25.9,1.4,17.4,1.4
804,2022-03-15,35.0,25.0,0.1,19.4,0.1
805,2022-03-16,33.5,25.0,0.5,18.0,0.5
806,2022-03-17,35.0,24.9,0.0,18.1,0.0
807,2022-03-18,34.5,25.8,2.3,15.7,2.3
808,2022-03-19,34.5,24.2,1.8,21.7,1.8
809,2022-03-20,34.4,25.1,0.8,19.7,0.8
810,2022-03-21,32.7,25.3,2.8,26.1,2.8
811,2022-03-22,30.8,25.4,4.6,19.3,4.6
812,2022-03-23,33.5,24.7,1.6,16.9,1.6
813,2022-03-24,32.8,25.1,2.2,19.8,2.2
814,2022-03-25,34.9,25.3,0.0,20.5,0.0
815,2022-03-26,35.3,24.8,0.0,17.0,0.0
816,2022-03-27,35.7,23.5,1.2,17.1,1.2
817,2022-03-28,35.4,24.2,9.1,16.8,9.1
818,2022-03-29,33.6,23.9,11.1,18.1,11.1
819,2022-03-30,33.2,24.0,5.2,17.8,5.2
820,2022-03-31,30.9,24.3,18.4,12.9,18.4
821,2022-04-01,29.6,23.8,31.4,19.6,31.4
822,2022-04-02,31.9,24.0,3.0,17.0,3.0
823,2022-04-03,31.6,22.8,21.1,15.8,21.1
824,2022-04-04,32.0,22.9,14.8,11.5,14.8
825,2022-04-05,31.0,23.5,22.7,9.1,22.7
826,2022-04-06,32.2,23.2,0.1,15.3,0.1
827,2022-04-07,30.0,23.6,0.2,14.0,0.2
828,2022-04-08,32.5,22.8,1.8,16.7,1.8
829,2022-04-09,31.9,23.3,0.8,15.1,0.8
830,2022-04-10,31.6,23.1,19.1,14.2,19.1
831,2022-04-11,30.5,24.0,2.4,14.8,2.4
832,2022-04-12,31.5,23.8,2.0,13.5,2.0
833,2022-04-13,32.7,24.7,0.8,13.3,0.8
834,2022-04-14,32.9,25.1,6.9,13.0,6.9
835,2022-04-15,31.5,24.1,14.5,12.5,14.5
836,2022-04-16,30.6,24.7,19.1,15.3,19.1
837,2022-04-17,31.7,24.8,1.0,16.2,1.0
838,2022-04-18,33.0,25.4,0.2,15.3,0.2
839,2022-04-19,32.9,24.7,0.1,13.4,0.1
840,2022-04-20,32.7,25.0,3.2,18.3,3.2
841,2022-04-21,33.9,25.0,2.9,17.7,2.9
842,2022-04-22,34.1,25.2,0.5,14.0,0.5
843,2022-04-23,35.2,25.8,0.7,18.0,0.7
844,2022-04-24,33.7,25.6,6.0,19.9,6.0
845,2022-04-25,33.4,26.1,2.1,17.3,2.1
846,2022-04-26,33.8,25.8,1.8,10.4,1.8
847,2022-04-27,35.5,25.2,0.0,15.1,0.0
848,2022-04-28,34.0,26.5,2.2,21.8,2.2
849,2022-04-29,27.1,24.0,32.6,17.8,32.6
850,2022-04-30,29.8,24.4,17.2,17.2,17.2
851,2022-05-01,30.6,25.0,10.6,15.9,10.6
852,2022-05-02,31.5,24.4,24.6,15.3,24.6
853,2022-05-03,29.6,24.0,16.1,15.1,16.1
854,2022-05-04,31.5,23.6,9.0,12.8,9.0
855,2022-05-05,32.0,23.9,3.9,18.3,3.9
856,2022-05-06,30.9,25.5,7.1,18.2,7.1
857,2022-05-07,32.5,25.6,6.4,20.1,6.4
858,2022-05-08,29.8,25.8,12.4,18.4,12.4
859,2022-05-09,32.1,26.0,3.7,19.4,3.7
860,2022-05-10,31.5,25.5,10.6,13.4,10.6
861,2022-05-11,32.1,25.4,5.0,13.2,5.0
862,2022-05-12,32.2,24.5,14.2,12.3,14.2
863,2022-05-13,33.0,25.6,3.5,14.2,3.5
864,2022-05-14,32.8,26.0,3.0,13.4,3.0
865,2022-05-15,33.2,25.0,16.3,16.5,16.3
866,2022-05-16,31.4,24.3,24.1,12.3,24.1
867,2022-05-17,30.7,24.5,7.5,13.3,7.5
868,2022-05-18,30.1,24.2,13.0,16.6,13.0
869,2022-05-19,30.3,24.1,36.6,13.2,36.6
870,2022-05-20,32.3,25.1,15.7,12.2,15.7
871,2022-05-21,31.8,24.9,4.2,15.6,4.2
872,2022-05-22,30.9,24.8,18.7,18.8,18.7
873,2022-05-23,29.5,24.5,2.6,20.5,2.6
874,2022-05-24,31.9,25.0,0.4,13.6,0.4
875,2022-05-25,32.5,25.1,6.7,17.6,6.7
876,2022-05-26,31.7,25.4,12.1,13.4,12.1
877,2022-05-27,31.2,24.8,36.8,17.8,36.8
878,2022-05-28,29.9,24.2,13.3,21.9,13.3
879,2022-05-29,30.1,24.2,6.9,19.2,6.9
880,2022-05-30,31.0,24.6,10.9,12.8,10.9
881,2022-05-31,32.1,24.1,12.2,8.4,12.2
882,2022-06-01,30.5,24.4,11.0,12.8,11.0
883,2022-06-02,32.2,24.1,20.4,23.1,20.4
884,2022-06-03,30.8,23.5,7.6,16.6,7.6
885,2022-06-04,30.6,24.2,16.8,12.7,16.8
886,2022-06-05,32.2,23.2,0.0,15.9,0.0
887,2022-06-06,32.2,24.5,2.9,14.8,2.9
888,2022-06-07,32.2,24.5,21.8,9.2,21.8
889,2022-06-08,32.5,24.2,2.1,10.7,2.1
890,2022-06-09,33.4,24.5,0.7,11.6,0.7
891,2022-06-10,31.9,23.8,23.0,8.2,23.0
892,2022-06-11,33.2,24.2,1.1,10.9,1.1
893,2022-06-12,31.5,24.2,6.3,11.0,6.3
894,2022-06-13,32.0,24.2,1.6,10.7,1.6
895,2022-06-14,31.8,24.5,1.0,14.7,1.0
896,2022-06-15,32.3,25.3,7.3,15.5,7.3
897,2022-06-16,32.0,24.6,2.9,9.8,2.9
898,2022-06-17,32.2,24.6,10.6,18.7,10.6
899,2022-06-18,32.5,24.0,9.1,10.4,9.1
900,2022-06-19,32.6,24.7,3.1,22.0,3.1
901,2022-06-20,32.1,24.0,10.9,17.0,10.9
902,2022-06-21,31.4,24.1,14.5,16.2,14.5
903,2022-06-22,31.5,24.5,33.4,18.8,33.4
904,2022-06-23,31.5,24.8,18.8,21.3,18.8
905,2022-06-24,31.1,23.9,9.6,14.0,9.6
906,2022-06-25,31.2,23.9,8.4,12.8,8.4
907,2022-06-26,31.6,24.7,11.1,14.5,11.1
908,2022-06-27,32.3,24.4,15.2,11.3,15.2
909,2022-06-28,31.1,24.1,17.6,11.4,17.6
910,2022-06-29,32.8,25.1,18.9,21.0,18.9
911,2022-06-30,30.3,25.5,17.8,26.4,17.8
912,2022-07-01,29.9,24.9,5.8,17.1,5.8
913,2022-07-02,30.5,25.0,10.7,22.3,10.7
914,2022-07-03,30.6,24.6,4.6,21.5,4.6
915,2022-07-04,31.8,24.6,6.7,20.7,6.7
916,2022-07-05,30.8,24.6,9.8,17.7,9.8
917,2022-07-06,31.1,25.1,15.2,16.7,15.2
918,2022-07-07,31.6,24.3,3.0,21.3,3.0
919,2022-07-08,29.9,24.9,16.7,18.9,16.7
920,2022-07-09,30.2,25.0,13.9,18.1,13.9
921,2022-07-10,30.7,24.4,27.0,19.9,27.0
922,2022-07-11,30.9,24.4,34.9,19.2,34.9
923,2022-07-12,28.8,24.4,21.2,16.5,21.2
924,2022-07-13,29.7,23.8,4.4,20.4,4.4
925,2022-07-14,31.2,23.9,9.3,20.1,9.3
926,2022-07-15,29.6,24.0,13.2,16.6,13.2
927,2022-07-16,32.0,24.4,8.8,15.5,8.8
928,2022-07-17,30.5,24.4,10.4,14.0,10.4
929,2022-07-18,31.4,24.0,6.8,17.1,6.8
930,2022-07-19,31.6,24.6,3.9,19.4,3.9
931,2022-07-20,30.1,25.0,14.4,15.8,14.4
932,2022-07-21,28.9,24.2,8.6,16.6,8.6
933,2022-07-22,33.0,23.4,0.0,12.3,0.0
934,2022-07-23,31.8,24.6,7.9,15.5,7.9
935,2022-07-24,32.4,24.6,0.4,14.5,0.4
936,2022-07-25,31.5,24.8,14.5,18.6,14.5
937,2022-07-26,30.8,25.3,9.4,14.5,9.4
938,2022-07-27,31.1,24.5,7.0,10.4,7.0
939,2022-07-28,31.5,23.9,2.6,12.5,2.6
940,2022-07-29,32.6,24.2,1.3,13.9,1.3
941,2022-07-30,32.0,25.0,3.8,18.9,3.8
942,2022-07-31,32.2,24.5,15.7,14.1,15.7
943,2022-08-01,31.2,23.9,22.1,14.6,22.1
944,2022-08-02,31.3,24.8,9.7,14.6,9.7
945,2022-08-03,30.4,24.2,8.1,14.8,8.1
946,2022-08-04,31.2,23.6,11.1,14.9,11.1
947,2022-08-05,31.6,24.5,13.2,18.7,13.2
948,2022-08-06,27.8,24.5,14.9,20.5,14.9
949,2022-08-07,29.2,24.2,12.9,20.9,12.9
950,2022-08-08,27.7,24.4,18.1,20.5,18.1
951,2022-08-09,30.0,24.0,11.9,23.1,11.9
952,2022-08-10,30.3,23.9,9.1,21.7,9.1
953,2022-08-11,30.3,24.0,12.2,24.0,12.2
954,2022-08-12,32.0,23.2,8.5,20.8,8.5
955,2022-08-13,32.8,23.8,0.1,12.1,0.1
956,2022-08-14,32.2,24.4,9.4,10.7,9.4
957,2022-08-15,29.1,24.4,4.6,16.6,4.6
958,2022-08-16,31.1,23.6,7.9,17.9,7.9
959,2022-08-17,31.3,23.8,2.7,16.4,2.7
960,2022-08-18,32.0,24.4,13.0,17.1,13.0
961,2022-08-19,31.3,24.5,2.4,21.6,2.4
962,2022-08-20,30.6,24.9,12.5,17.9,12.5
963,2022-08-21,31.5,24.6,8.0,20.5,8.0
964,2022-08-22,31.8,24.1,4.0,13.6,4.0
965,2022-08-23,31.2,24.2,15.5,15.5,15.5
966,2022-08-24,31.7,24.5,5.9,14.8,5.9
967,2022-08-25,31.1,24.6,13.1,15.3,13.1
968,2022-08-26,29.1,24.2,15.0,14.1,15.0
969,2022-08-27,31.7,23.4,18.5,14.8,18.5
970,2022-08-28,31.2,23.0,6.4,8.7,6.4
971,2022-08-29,31.3,23.6,8.8,18.0,8.8
972,2022-08-30,31.7,24.8,14.3,15.9,14.3
973,2022-08-31,31.9,23.9,12.6,9.3,12.6
974,2022-09-01,32.2,23.7,14.7,8.9,14.7
975,2022-09-02,32.0,24.2,10.6,10.6,10.6
976,2022-09-03,31.9,24.1,16.2,15.0,16.2
977,2022-09-04,31.2,23.9,9.5,20.5,9.5
978,2022-09-05,31.3,24.1,10.4,22.9,10.4
979,2022-09-06,30.2,24.3,14.8,22.7,14.8
980,2022-09-07,27.9,24.0,12.4,12.7,12.4
981,2022-09-08,31.3,23.6,2.9,19.0,2.9
982,2022-09-09,32.0,23.5,20.3,12.5,20.3
983,2022-09-10,30.4,24.0,4.7,18.7,4.7
984,2022-09-11,30.5,23.8,12.2,16.7,12.2
985,2022-09-12,30.3,24.1,15.6,15.3,15.6
986,2022-09-13,31.0,23.5,3.1,15.9,3.1
987,2022-09-14,31.5,24.2,8.3,17.7,8.3
988,2022-09-15,30.7,23.5,14.8,20.7,14.8
989,2022-09-16,30.8,24.1,12.4,17.3,12.4
990,2022-09-17,31.0,24.1,17.8,16.2,17.8
991,2022-09-18,31.1,23.8,9.2,15.8,9.2
992,2022-09-19,30.1,23.9,12.2,17.7,12.2
993,2022-09-20,31.0,23.9,14.0,16.3,14.0
994,2022-09-21,29.9,23.9,7.1,16.8,7.1
995,2022-09-22,30.5,23.9,13.6,17.7,13.6
996,2022-09-23,30.5,24.0,5.1,14.0,5.1
997,2022-09-24,31.2,24.3,19.4,17.7,19.4
998,2022-09-25,31.3,24.0,20.4,15.7,20.4
999,2022-09-26,31.1,24.2,29.1,21.5,29.1
1000,2022-09-27,29.3,23.5,16.9,19.2,16.9
1001,2022-09-28,29.2,24.3,11.0,22.5,11.0
1002,2022-09-29,29.6,23.6,7.8,20.0,7.8
1003,2022-09-30,29.8,23.6,2.9,16.6,2.9
1004,2022-10-01,29.5,24.8,26.5,15.1,26.5
1005,2022-10-02,28.2,23.8,20.7,13.3,20.7
1006,2022-10-03,30.0,24.0,3.8,19.3,3.8
1007,2022-10-04,30.0,23.4,5.0,10.5,5.0
1008,2022-10-05,30.2,24.1,15.5,22.2,15.5
1009,2022-10-06,29.5,23.6,4.3,14.7,4.3
1010,2022-10-07,31.0,23.1,13.7,13.6,13.7
1011,2022-10-08,27.5,23.5,7.1,8.8,7.1
1012,2022-10-09,29.9,23.2,14.2,11.3,14.2
1013,2022-10-10,29.1,23.5,6.7,10.1,6.7
1014,2022-10-11,30.9,23.3,6.7,9.4,6.7
1015,2022-10-12,30.8,23.6,9.9,11.6,9.9
1016,2022-10-13,31.7,23.0,0.4,18.4,0.4
1017,2022-10-14,30.0,23.8,0.4,18.4,0.4
1018,2022-10-15,30.0,22.1,0.0,12.1,0.0
1019,2022-10-16,31.0,21.3,0.0,11.3,0.0
1020,2022-10-17,31.6,23.1,3.4,11.7,3.4
1021,2022-10-18,30.4,23.2,16.4,15.5,16.4
1022,2022-10-19,29.7,24.1,28.3,15.6,28.3
1023,2022-10-20,28.5,24.1,9.4,19.6,9.4
1024,2022-10-21,30.8,24.0,6.2,17.2,6.2
1025,2022-10-22,30.5,23.5,12.5,13.0,12.5
1026,2022-10-23,30.7,23.8,20.5,10.4,20.5
1027,2022-10-24,31.3,24.0,9.6,11.6,9.6
1028,2022-10-25,30.8,23.5,10.4,17.7,10.4
1029,2022-10-26,30.5,24.1,20.3,11.3,20.3
1030,2022-10-27,29.9,23.9,15.5,13.0,15.5
1031,2022-10-28,29.8,23.4,3.1,9.7,3.1
1032,2022-10-29,31.5,22.6,5.3,11.9,5.3
1033,2022-10-30,31.1,24.0,0.8,12.1,0.8
1034,2022-10-31,31.7,22.4,0.0,13.4,0.0
1035,2022-11-01,30.9,23.8,0.3,12.7,0.3
1036,2022-11-02,29.5,23.1,2.0,14.0,2.0
1037,2022-11-03,28.9,23.7,13.6,12.3,13.6
1038,2022-11-04,29.9,23.5,11.8,13.4,11.8
1039,2022-11-05,30.6,23.0,2.0,11.9,2.0
1040,2022-11-06,30.9,22.7,6.5,12.6,6.5
1041,2022-11-07,31.0,23.2,2.4,8.0,2.4
1042,2022-11-08,32.2,23.4,0.1,12.1,0.1
1043,2022-11-09,31.6,24.0,0.3,10.4,0.3
1044,2022-11-10,31.5,24.1,6.4,13.1,6.4
1045,2022-11-11,31.8,24.0,6.5,21.2,6.5
1046,2022-11-12,30.7,24.0,12.1,15.3,12.1
1047,2022-11-13,30.6,23.4,1.9,20.7,1.9
1048,2022-11-14,31.0,23.7,4.1,14.3,4.1
1049,2022-11-15,31.0,23.6,1.1,12.4,1.1
1050,2022-11-16,31.9,23.9,0.4,12.5,0.4
1051,2022-11-17,31.8,23.9,6.3,17.5,6.3
1052,2022-11-18,31.4,23.5,12.1,14.8,12.1
1053,2022-11-19,26.9,23.5,8.2,14.9,8.2
1054,2022-11-20,25.9,23.4,31.5,11.6,31.5
1055,2022-11-21,28.9,23.1,7.5,7.4,7.5
1056,2022-11-22,27.2,23.5,5.0,11.6,5.0
1057,2022-11-23,28.8,24.3,11.4,21.9,11.4
1058,2022-11-24,29.0,24.2,11.7,20.9,11.7
1059,2022-11-25,30.5,23.6,5.2,15.1,5.2
1060,2022-11-26,29.8,23.7,2.4,16.4,2.4
1061,2022-11-27,30.1,23.8,1.5,15.3,1.5
1062,2022-11-28,30.5,23.8,2.9,14.5,2.9
1063,2022-11-29,31.4,24.4,0.2,12.2,0.2
1064,2022-11-30,31.0,22.5,1.1,9.0,1.1
1065,2022-12-01,31.9,23.2,0.3,8.2,0.3
1066,2022-12-02,30.4,23.9,0.6,17.6,0.6
1067,2022-12-03,30.3,23.8,5.3,16.1,5.3
1068,2022-12-04,30.8,23.3,1.7,14.8,1.7
1069,2022-12-05,31.3,23.6,3.4,12.9,3.4
1070,2022-12-06,31.3,23.2,8.4,7.9,8.4
1071,2022-12-07,30.0,23.3,3.1,12.5,3.1
1072,2022-12-08,31.0,23.1,0.2,13.7,0.2
1073,2022-12-09,30.9,23.1,7.9,12.0,7.9
1074,2022-12-10,30.9,22.9,0.0,15.5,0.0
1075,2022-12-11,30.2,23.2,0.1,12.3,0.1
1076,2022-12-12,30.2,21.9,0.0,15.9,0.0
1077,2022-12-13,29.5,20.3,0.0,12.7,0.0
1078,2022-12-14,29.8,20.8,0.3,9.3,0.3
1079,2022-12-15,30.5,20.9,0.1,8.8,0.1
1080,2022-12-16,31.5,22.4,0.0,11.2,0.0
1081,2022-12-17,31.3,23.0,0.0,15.5,0.0
1082,2022-12-18,30.9,23.5,0.0,25.4,0.0
1083,2022-12-19,31.0,20.9,0.0,16.8,0.0
1084,2022-12-20,31.0,20.6,0.0,11.8,0.0
1085,2022-12-21,31.8,22.0,0.0,13.8,0.0
1086,2022-12-22,31.9,22.0,0.0,15.8,0.0
1087,2022-12-23,30.8,20.3,0.0,14.7,0.0
1088,2022-12-24,30.4,18.6,0.0,13.1,0.0
1089,2022-12-25,31.0,19.0,0.0,11.4,0.0
1090,2022-12-26,30.6,19.0,0.0,12.9,0.0
1091,2022-12-27,31.1,21.0,0.0,10.1,0.0
1092,2022-12-28,32.2,20.5,0.0,14.6,0.0
1093,2022-12-29,32.5,21.2,0.0,11.9,0.0
1094,2022-12-30,29.3,23.0,1.1,16.1,1.1
1095,2022-12-31,31.4,21.6,0.1,13.9,0.1
1096,2023-01-01,29.5,22.0,0.6,13.8,0.6
1097,2023-01-02,32.4,22.4,2.3,12.6,2.3
1098,2023-01-03,32.3,22.9,0.2,17.2,0.2
1099,2023-01-04,31.7,23.2,0.3,20.5,0.3
1100,2023-01-05,26.9,22.6,3.5,19.3,3.5
1101,2023-01-06,28.0,20.9,20.3,18.9,20.3
1102,2023-01-07,27.7,21.4,27.1,19.6,27.1
1103,2023-01-08,27.0,20.8,0.5,9.3,0.5
1104,2023-01-09,27.7,23.0,17.0,11.5,17.0
1105,2023-01-10,26.3,23.0,14.2,18.7,14.2
1106,2023-01-11,28.7,23.2,0.7,18.7,0.7
1107,2023-01-12,28.6,23.1,3.8,14.1,3.8
1108,2023-01-13,29.9,22.6,2.3,8.8,2.3
1109,2023-01-14,31.1,23.0,0.2,9.3,0.2
1110,2023-01-15,30.9,22.8,0.0,12.0,0.0
1111,2023-01-16,30.5,23.1,0.3,13.8,0.3
1112,2023-01-17,30.3,21.3,0.1,14.5,0.1
1113,2023-01-18,30.0,20.4,0.0,11.9,0.0
1114,2023-01-19,30.6,21.8,0.0,12.3,0.0
1115,2023-01-20,31.0,21.8,0.0,9.9,0.0
1116,2023-01-21,31.7,22.1,0.1,11.0,0.1
1117,2023-01-22,31.5,23.2,0.3,10.7,0.3
1118,2023-01-23,32.5,23.1,0.4,12.9,0.4
1119,2023-01-24,32.5,23.2,0.6,10.8,0.6
1120,2023-01-25,32.0,22.2,0.0,18.4,0.0
1121,2023-01-26,32.2,21.4,0.0,10.1,0.0
1122,2023-01-27,32.3,21.9,1.8,16.9,1.8
1123,2023-01-28,32.2,23.2,0.0,16.2,0.0
1124,2023-01-29,31.0,21.5,0.0,9.7,0.0
1125,2023-01-30,31.4,20.4,0.0,12.0,0.0
1126,2023-01-31,32.4,20.8,0.0,18.4,0.0
1127,2023-02-01,32.0,22.9,1.4,12.3,1.4
1128,2023-02-02,33.6,23.9,1.4,17.4,1.4
1129,2023-02-03,34.8,24.2,0.0,18.8,0.0
1130,2023-02-04,34.7,23.2,0.3,17.8,0.3
1131,2023-02-05,34.4,23.0,0.0,18.0,0.0
1132,2023-02-06,34.7,22.6,0.0,20.8,0.0
1133,2023-02-07,34.0,23.5,0.9,20.1,0.9
1134,2023-02-08,34.4,23.5,0.7,16.6,0.7
1135,2023-02-09,33.8,24.1,0.1,18.0,0.1
1136,2023-02-10,35.2,22.8,0.0,23.8,0.0
1137,2023-02-11,35.3,22.7,0.0,22.0,0.0
1138,2023-02-12,35.0,23.4,0.2,22.6,0.2
1139,2023-02-13,33.7,23.5,0.0,20.7,0.0
1140,2023-02-14,33.3,23.0,0.0,22.6,0.0
1141,2023-02-15,33.7,23.4,0.1,15.0,0.1
1142,2023-02-16,33.5,21.0,0.0,15.6,0.0
1143,2023-02-17,34.0,22.6,0.8,15.0,0.8
1144,2023-02-18,31.5,24.2,0.0,14.5,0.0
1145,2023-02-19,33.6,24.4,1.9,16.7,1.9
1146,2023-02-20,31.2,23.2,3.7,18.9,3.7
1147,2023-02-21,33.5,22.0,0.0,19.5,0.0
1148,2023-02-22,32.9,22.5,0.1,18.2,0.1
1149,2023-02-23,33.5,22.2,0.1,17.5,0.1
1150,2023-02-24,33.7,22.5,0.0,19.6,0.0
1151,2023-02-25,33.3,21.9,0.0,15.5,0.0
1152,2023-02-26,35.0,21.8,0.0,14.9,0.0
1153,2023-02-27,34.5,22.4,0.0,17.4,0.0
1154,2023-02-28,34.5,23.4,0.3,16.9,0.3
1155,2023-03-01,33.4,24.0,0.0,15.0,0.0
1156,2023-03-02,34.3,23.7,0.0,15.5,0.0
1157,2023-03-03,34.2,22.5,0.0,16.6,0.0
1158,2023-03-04,33.2,22.2,0.0,17.3,0.0
1159,2023-03-05,32.2,21.5,0.0,13.2,0.0
1160,2023-03-06,33.0,21.1,0.0,23.3,0.0
1161,2023-03-07,33.7,21.6,0.0,18.9,0.0
1162,2023-03-08,34.2,22.1,0.0,20.7,0.0
1163,2023-03-09,34.2,21.5,0.0,23.6,0.0
1164,2023-03-10,34.0,21.4,0.0,21.2,0.0
1165,2023-03-11,34.7,22.2,0.0,21.8,0.0
1166,2023-03-12,33.2,22.3,0.1,19.9,0.1
1167,2023-03-13,34.2,22.5,0.0,22.5,0.0
1168,2023-03-14,34.2,22.3,0.0,24.0,0.0
1169,2023-03-15,35.7,22.4,0.0,27.2,0.0
1170,2023-03-16,35.5,23.4,0.0,20.8,0.0
1171,2023-03-17,35.6,23.2,0.2,20.8,0.2
1172,2023-03-18,35.2,24.0,0.0,23.9,0.0
1173,2023-03-19,37.0,24.0,0.0,28.3,0.0
1174,2023-03-20,34.8,24.4,0.5,19.2,0.5
1175,2023-03-21,35.4,24.5,0.0,17.7,0.0
1176,2023-03-22,35.7,24.7,0.0,19.8,0.0
1177,2023-03-23,35.0,25.0,0.3,16.8,0.3
1178,2023-03-24,36.4,24.0,0.0,20.7,0.0
1179,2023-03-25,34.1,25.3,0.1,20.0,0.1
1180,2023-03-26,35.8,23.2,0.0,18.8,0.0
1181,2023-03-27,35.8,25.0,0.0,22.4,0.0
1182,2023-03-28,35.8,25.8,2.1,21.7,2.1
1183,2023-03-29,35.2,24.9,0.0,18.5,0.0
1184,2023-03-30,34.8,25.0,0.5,19.7,0.5
1185,2023-03-31,34.4,25.5,0.1,17.3,0.1
1186,2023-04-01,34.2,24.6,0.0,21.8,0.0
1187,2023-04-02,35.0,23.7,0.1,19.6,0.1
1188,2023-04-03,34.0,25.6,7.7,20.8,7.7
1189,2023-04-04,34.5,25.0,1.5,17.2,1.5
1190,2023-04-05,34.3,25.5,0.5,18.7,0.5
1191,2023-04-06,35.2,25.4,1.0,19.3,1.0
1192,2023-04-07,35.3,26.4,0.0,19.7,0.0
1193,2023-04-08,36.3,25.2,0.0,19.7,0.0
1194,2023-04-09,36.9,26.0,0.7,17.5,0.7
1195,2023-04-10,35.3,25.9,2.8,20.3,2.8
1196,2023-04-11,33.5,26.4,6.1,14.3,6.1
1197,2023-04-12,34.8,25.9,0.6,17.2,0.6
1198,2023-04-13,34.6,25.9,3.0,16.8,3.0
1199,2023-04-14,35.0,24.1,4.7,17.5,4.7
1200,2023-04-15,33.8,25.2,39.5,15.6,39.5
1201,2023-04-16,32.0,25.3,7.2,14.8,7.2
1202,2023-04-17,33.3,25.6,0.1,20.9,0.1
1203,2023-04-18,33.2,26.0,0.5,17.9,0.5
1204,2023-04-19,34.2,24.9,0.7,15.9,0.7
1205,2023-04-20,36.3,26.4,0.2,20.9,0.2
1206,2023-04-21,36.5,26.4,1.4,12.4,1.4
1207,2023-04-22,36.3,26.5,0.3,18.7,0.3
1208,2023-04-23,36.0,26.8,0.3,19.5,0.3
1209,2023-04-24,37.5,25.8,0.2,13.2,0.2
1210,2023-04-25,37.7,26.8,0.8,22.3,0.8
1211,2023-04-26,36.3,26.8,0.0,18.1,0.0
1212,2023-04-27,37.5,26.5,0.3,22.8,0.3
1213,2023-04-28,37.3,27.0,1.2,16.0,1.2
1214,2023-04-29,36.8,27.1,2.7,18.9,2.7
1215,2023-04-30,34.9,26.0,2.3,18.5,2.3
1216,2023-05-01,36.8,26.5,0.3,16.6,0.3
1217,2023-05-02,37.5,26.6,2.2,19.6,2.2
1218,2023-05-03,37.0,27.5,1.5,17.8,1.5
1219,2023-05-04,37.2,27.5,0.0,20.2,0.0
1220,2023-05-05,36.8,27.0,0.2,12.8,0.2
1221,2023-05-06,37.9,27.5,0.0,16.9,0.0
1222,2023-05-07,36.7,28.2,1.3,19.1,1.3
1223,2023-05-08,35.7,26.5,18.3,15.4,18.3
1224,2023-05-09,32.2,25.9,16.3,18.8,16.3
1225,2023-05-10,31.5,25.6,7.9,15.2,7.9
1226,2023-05-11,31.9,26.0,8.3,10.9,8.3
1227,2023-05-12,32.0,26.2,3.1,15.0,3.1
1228,2023-05-13,32.8,26.1,4.8,12.0,4.8
1229,2023-05-14,33.2,25.5,3.7,17.3,3.7
1230,2023-05-15,33.8,25.7,0.8,13.0,0.8
1231,2023-05-16,34.2,26.5,5.0,15.5,5.0
1232,2023-05-17,33.8,26.2,11.1,11.3,11.1
1233,2023-05-18,34.0,26.1,11.1,19.3,11.1
1234,2023-05-19,34.6,25.7,0.3,18.0,0.3
1235,2023-05-20,32.7,26.4,4.9,21.3,4.9
1236,2023-05-21,31.9,26.0,8.3,18.4,8.3
1237,2023-05-22,33.5,25.0,13.9,13.4,13.9
1238,2023-05-23,32.8,25.1,13.0,14.9,13.0
1239,2023-05-24,32.6,25.6,7.4,16.4,7.4
1240,2023-05-25,31.1,24.4,9.8,16.4,9.8
1241,2023-05-26,30.8,25.3,10.8,15.6,10.8
1242,2023-05-27,30.5,24.1,35.9,15.8,35.9
1243,2023-05-28,30.3,24.2,20.3,15.0,20.3
1244,2023-05-29,31.6,24.5,11.6,15.6,11.6
1245,2023-05-30,30.5,25.1,8.8,21.6,8.8
1246,2023-05-31,31.6,25.9,4.9,23.0,4.9
1247,2023-06-01,31.3,25.2,12.2,23.5,12.2
1248,2023-06-02,31.1,25.8,8.3,20.4,8.3
1249,2023-06-03,32.8,25.6,6.3,18.3,6.3
1250,2023-06-04,32.2,25.6,13.7,17.7,13.7
1251,2023-06-05,31.3,25.1,28.4,14.8,28.4
1252,2023-06-06,30.9,25.0,19.1,22.9,19.1
1253,2023-06-07,28.5,25.0,6.8,17.1,6.8
1254,2023-06-08,30.0,25.0,2.3,16.7,2.3
1255,2023-06-09,31.0,25.3,7.3,19.1,7.3
1256,2023-06-10,31.6,25.0,15.0,14.1,15.0
1257,2023-06-11,31.9,25.5,1.2,23.5,1.2
1258,2023-06-12,31.5,25.3,12.0,26.1,12.0
1259,2023-06-13,30.9,24.4,1.1,14.5,1.1
1260,2023-06-14,31.7,25.5,14.0,20.9,14.0
1261,2023-06-15,33.0,24.5,7.7,15.8,7.7
1262,2023-06-16,32.2,25.1,12.5,17.7,12.5
1263,2023-06-17,31.6,25.1,14.4,9.2,14.4
1264,2023-06-18,31.6,24.9,11.0,19.5,11.0
1265,2023-06-19,32.0,24.0,14.8,19.7,14.8
1266,2023-06-20,32.5,25.4,5.1,16.0,5.1
1267,2023-06-21,31.2,24.9,7.4,11.2,7.4
1268,2023-06-22,31.9,24.9,4.7,13.2,4.7
1269,2023-06-23,33.2,25.5,7.7,10.7,7.7
1270,2023-06-24,32.5,25.7,4.4,12.7,4.4
1271,2023-06-25,31.8,25.0,7.3,16.5,7.3
1272,2023-06-26,32.6,24.5,0.3,17.4,0.3
1273,2023-06-27,31.6,24.0,10.2,11.2,10.2
1274,2023-06-28,31.4,25.0,6.6,12.1,6.6
1275,2023-06-29,32.1,25.1,14.3,15.9,14.3
1276,2023-06-30,31.6,25.5,10.4,19.5,10.4
1277,2023-07-01,31.7,25.4,16.0,18.8,16.0
1278,2023-07-02,29.8,24.9,17.2,15.9,17.2
1279,2023-07-03,31.9,24.4,8.1,17.6,8.1
1280,2023-07-04,32.4,24.2,0.0,12.9,0.0
1281,2023-07-05,31.6,24.5,19.3,10.8,19.3
1282,2023-07-06,32.1,23.8,30.5,15.0,30.5
1283,2023-07-07,31.6,24.5,2.3,16.6,2.3
1284,2023-07-08,30.2,25.5,12.5,17.3,12.5
1285,2023-07-09,30.5,25.0,7.4,14.1,7.4
1286,2023-07-10,32.0,24.4,2.5,13.4,2.5
1287,2023-07-11,32.5,24.7,3.0,18.8,3.0
1288,2023-07-12,32.0,24.1,2.5,11.0,2.5
1289,2023-07-13,31.5,25.2,21.5,12.3,21.5
1290,2023-07-14,31.5,24.8,30.0,17.6,30.0
1291,2023-07-15,30.0,25.0,12.5,18.0,12.5
1292,2023-07-16,30.9,26.0,8.0,26.9,8.0
1293,2023-07-17,29.9,25.2,13.4,28.1,13.4
1294,2023-07-18,29.7,24.9,18.8,27.9,18.8
1295,2023-07-19,31.0,25.0,14.3,21.9,14.3
1296,2023-07-20,28.9,24.7,13.4,16.8,13.4
1297,2023-07-21,29.9,24.9,16.2,12.9,16.2
1298,2023-07-22,29.1,24.0,12.6,15.5,12.6
1299,2023-07-23,30.4,24.5,14.6,19.4,14.6
1300,2023-07-24,30.8,24.2,18.8,19.4,18.8
1301,2023-07-25,31.1,24.6,10.7,22.6,10.7
1302,2023-07-26,30.9,25.0,14.8,23.1,14.8
1303,2023-07-27,30.3,25.6,24.8,21.3,24.8
1304,2023-07-28,31.2,25.2,18.0,23.2,18.0
1305,2023-07-29,29.5,24.9,11.2,24.5,11.2
1306,2023-07-30,30.0,24.8,9.7,22.7,9.7
1307,2023-07-31,31.1,24.9,8.0,22.8,8.0
1308,2023-08-01,30.9,25.4,17.2,18.7,17.2
1309,2023-08-02,31.5,25.2,12.7,24.2,12.7
1310,2023-08-03,31.0,25.4,17.5,23.4,17.5
1311,2023-08-04,31.9,25.0,5.6,21.0,5.6
1312,2023-08-05,31.6,24.8,6.4,21.5,6.4
1313,2023-08-06,32.8,24.2,8.7,20.7,8.7
1314,2023-08-07,32.0,25.2,2.2,21.0,2.2
1315,2023-08-08,31.7,25.2,2.3,19.6,2.3
1316,2023-08-09,31.7,25.0,1.6,16.9,1.6
1317,2023-08-10,32.3,25.2,1.3,19.5,1.3
1318,2023-08-11,31.4,25.6,2.1,21.6,2.1
1319,2023-08-12,31.3,25.2,11.7,18.0,11.7
1320,2023-08-13,30.6,25.3,5.4,17.0,5.4
1321,2023-08-14,31.8,25.1,4.8,18.0,4.8
1322,2023-08-15,31.5,24.4,8.9,18.3,8.9
1323,2023-08-16,31.8,24.6,10.4,18.1,10.4
1324,2023-08-17,31.0,25.0,6.0,23.3,6.0
1325,2023-08-18,31.2,24.4,8.3,18.6,8.3
1326,2023-08-19,31.4,25.0,27.8,16.3,27.8
1327,2023-08-20,30.3,25.1,21.3,18.9,21.3
1328,2023-08-21,31.7,24.5,8.8,17.8,8.8
1329,2023-08-22,31.8,24.4,4.5,21.2,4.5
1330,2023-08-23,32.4,24.8,0.9,16.6,0.9
1331,2023-08-24,32.4,24.5,0.8,15.9,0.8
1332,2023-08-25,32.8,24.8,1.4,11.2,1.4
1333,2023-08-26,32.0,25.6,32.0,14.2,32.0
1334,2023-08-27,31.8,24.9,38.3,18.2,38.3
1335,2023-08-28,31.9,25.1,21.5,19.6,21.5
1336,2023-08-29,31.7,24.9,22.3,19.8,22.3
1337,2023-08-30,31.0,24.2,8.8,20.2,8.8
1338,2023-08-31,30.1,25.1,19.9,24.1,19.9
1339,2023-09-01,30.4,24.9,20.5,19.2,20.5
1340,2023-09-02,29.1,25.0,11.4,23.9,11.4
1341,2023-09-03,30.5,25.0,13.5,20.5,13.5
1342,2023-09-04,30.0,24.7,12.7,25.3,12.7
1343,2023-09-05,30.5,24.5,21.6,20.5,21.6
1344,2023-09-06,30.2,24.6,5.8,12.0,5.8
1345,2023-09-07,31.3,24.5,11.9,14.2,11.9
1346,2023-09-08,31.8,24.2,5.7,16.9,5.7
1347,2023-09-09,31.0,24.4,10.8,14.2,10.8
1348,2023-09-10,30.5,24.5,14.5,19.9,14.5
1349,2023-09-11,31.4,24.2,4.8,18.4,4.8
1350,2023-09-12,30.6,23.9,5.8,19.0,5.8
1351,2023-09-13,31.4,24.8,9.7,21.0,9.7
1352,2023-09-14,31.0,24.8,15.1,13.8,15.1
1353,2023-09-15,29.5,24.8,18.3,21.7,18.3
1354,2023-09-16,30.3,24.1,8.0,16.8,8.0
1355,2023-09-17,31.5,24.0,23.2,13.6,23.2
1356,2023-09-18,31.6,23.9,8.5,9.1,8.5
1357,2023-09-19,32.0,24.5,14.4,12.0,14.4
1358,2023-09-20,31.7,24.5,18.0,10.9,18.0
1359,2023-09-21,30.1,23.9,34.3,16.3,34.3
1360,2023-09-22,31.0,23.9,24.0,11.2,24.0
1361,2023-09-23,30.3,23.9,4.4,19.3,4.4
1362,2023-09-24,30.5,24.5,24.4,13.7,24.4
1363,2023-09-25,30.3,24.3,8.5,19.5,8.5
1364,2023-09-26,28.6,24.6,21.2,22.4,21.2
1365,2023-09-27,30.0,24.2,23.2,16.6,23.2
1366,2023-09-28,30.9,23.7,10.0,13.3,10.0
1367,2023-09-29,31.8,24.1,28.8,15.2,28.8
1368,2023-09-30,30.5,24.0,14.0,23.2,14.0
1369,2023-10-01,31.5,23.7,32.6,16.6,32.6
1370,2023-10-02,28.6,23.9,34.1,15.6,34.1
1371,2023-10-03,30.9,23.6,10.9,16.5,10.9
1372,2023-10-04,31.1,24.1,2.3,17.1,2.3
1373,2023-10-05,31.5,24.4,8.0,14.1,8.0
1374,2023-10-06,31.9,24.8,9.8,12.2,9.8
1375,2023-10-07,31.6,25.0,14.1,15.6,14.1
1376,2023-10-08,32.5,25.0,16.1,15.0,16.1
1377,2023-10-09,31.8,24.2,0.7,16.5,0.7
1378,2023-10-10,31.0,24.7,4.3,10.3,4.3
1379,2023-10-11,31.2,24.8,11.3,16.6,11.3
1380,2023-10-12,31.8,23.6,18.6,10.8,18.6
1381,2023-10-13,31.0,23.5,7.5,17.2,7.5
1382,2023-10-14,30.7,24.3,7.5,12.2,7.5
1383,2023-10-15,29.9,23.8,18.1,8.3,18.1
1384,2023-10-16,30.1,24.0,31.3,18.1,31.3
1385,2023-10-17,30.9,23.7,17.8,11.3,17.8
1386,2023-10-18,31.0,24.0,14.8,12.7,14.8
1387,2023-10-19,31.8,24.3,14.3,11.0,14.3
1388,2023-10-20,32.0,24.7,9.1,12.0,9.1
1389,2023-10-21,30.9,24.5,9.7,16.1,9.7
1390,2023-10-22,31.9,24.0,19.0,18.0,19.0
1391,2023-10-23,30.0,23.9,16.4,13.8,16.4
1392,2023-10-24,31.7,22.9,4.5,12.3,4.5
1393,2023-10-25,30.5,24.1,18.2,14.6,18.2
1394,2023-10-26,31.2,24.2,7.8,10.6,7.8
1395,2023-10-27,31.2,24.6,9.2,9.7,9.2
1396,2023-10-28,31.3,24.0,1.1,14.8,1.1
1397,2023-10-29,30.6,24.5,17.7,14.0,17.7
1398,2023-10-30,31.1,24.0,6.3,14.0,6.3
1399,2023-10-31,32.0,24.1,10.1,20.5,10.1
1400,2023-11-01,31.8,24.1,3.7,12.6,3.7
1401,2023-11-02,31.8,23.8,5.9,12.8,5.9
1402,2023-11-03,30.9,24.2,11.3,13.4,11.3
1403,2023-11-04,31.6,24.1,0.2,10.2,0.2
1404,2023-11-05,31.9,25.3,5.2,14.7,5.2
1405,2023-11-06,32.1,24.1,0.2,15.5,0.2
1406,2023-11-07,30.4,25.0,10.2,14.7,10.2
1407,2023-11-08,31.6,24.0,1.2,15.2,1.2
1408,2023-11-09,31.9,24.6,14.8,12.6,14.8
1409,2023-11-10,29.5,23.9,2.2,11.4,2.2
1410,2023-11-11,32.0,24.0,1.3,15.8,1.3
1411,2023-11-12,31.5,23.8,5.1,8.9,5.1
1412,2023-11-13,32.5,23.6,1.1,13.5,1.1
1413,2023-11-14,32.0,24.3,2.3,12.8,2.3
1414,2023-11-15,30.4,24.2,25.2,12.3,25.2
1415,2023-11-16,30.1,24.0,0.4,14.0,0.4
1416,2023-11-17,31.4,23.7,6.1,14.9,6.1
1417,2023-11-18,30.8,22.5,0.0,15.7,0.0
1418,2023-11-19,30.0,21.1,0.0,12.0,0.0
1419,2023-11-20,30.5,22.4,0.0,10.5,0.0
1420,2023-11-21,30.9,22.9,0.3,11.4,0.3
1421,2023-11-22,31.0,22.7,0.0,11.6,0.0
1422,2023-11-23,29.6,24.5,0.3,9.0,0.3
1423,2023-11-24,28.1,23.9,0.5,10.4,0.5
1424,2023-11-25,31.0,22.2,10.4,10.1,10.4
1425,2023-11-26,31.0,23.6,0.5,10.6,0.5
1426,2023-11-27,31.1,23.6,0.0,12.7,0.0
1427,2023-11-28,31.4,21.5,0.1,13.1,0.1
1428,2023-11-29,32.5,23.4,6.8,13.2,6.8
1429,2023-11-30,31.6,23.3,9.4,14.8,9.4
1430,2023-12-01,32.0,24.6,0.3,11.7,0.3
1431,2023-12-02,29.1,23.3,2.7,7.6,2.7
1432,2023-12-03,30.4,24.4,5.9,7.6,5.9
1433,2023-12-04,32.0,23.5,0.0,15.5,0.0
1434,2023-12-05,32.0,23.6,1.1,11.2,1.1
1435,2023-12-06,31.3,24.0,0.9,12.6,0.9
1436,2023-12-07,31.8,24.0,0.3,11.6,0.3
1437,2023-12-08,31.0,23.7,0.0,13.7,0.0
1438,2023-12-09,32.0,23.9,0.2,14.7,0.2
1439,2023-12-10,32.7,24.0,0.3,14.9,0.3
1440,2023-12-11,33.9,23.0,0.0,15.5,0.0
1441,2023-12-12,34.3,23.4,0.0,14.5,0.0
1442,2023-12-13,33.5,23.0,0.3,12.8,0.3
1443,2023-12-14,35.3,24.7,0.0,16.7,0.0
1444,2023-12-15,34.5,24.2,0.0,14.8,0.0
1445,2023-12-16,33.3,24.4,0.6,14.5,0.6
1446,2023-12-17,34.2,23.7,0.2,13.0,0.2
1447,2023-12-18,33.5,23.7,4.0,14.8,4.0
1448,2023-12-19,33.9,23.4,0.4,14.8,0.4
1449,2023-12-20,33.8,23.6,9.3,16.0,9.3
1450,2023-12-21,34.4,25.1,0.0,23.6,0.0
1451,2023-12-22,32.5,24.2,1.0,25.3,1.0
1452,2023-12-23,33.1,24.2,0.0,23.4,0.0
1453,2023-12-24,32.3,24.8,0.0,16.3,0.0
1454,2023-12-25,32.3,23.1,0.0,15.1,0.0
1455,2023-12-26,32.3,22.0,0.0,11.4,0.0
1456,2023-12-27,32.7,22.6,0.2,10.6,0.2
1457,2023-12-28,33.8,23.6,0.8,12.1,0.8
1458,2023-12-29,33.4,24.6,0.2,10.4,0.2
1459,2023-12-30,33.3,24.5,0.1,12.6,0.1
1460,2023-12-31,33.6,24.2,0.3,16.1,0.3
1461,2024-01-01,33.4,24.0,0.0,14.7,0.0
1462,2024-01-02,33.3,23.5,0.1,15.6,0.1
1463,2024-01-03,33.4,24.2,0.2,15.4,0.2
1464,2024-01-04,33.5,23.4,0.0,15.5,0.0
1465,2024-01-05,32.8,23.3,0.0,13.6,0.0
1466,2024-01-06,33.6,23.1,0.6,11.6,0.6
1467,2024-01-07,33.0,24.2,0.0,15.2,0.0
1468,2024-01-08,31.2,23.8,0.6,9.5,0.6
1469,2024-01-09,32.8,23.8,0.1,11.7,0.1
1470,2024-01-10,33.5,23.6,0.0,15.6,0.0
1471,2024-01-11,33.5,23.6,0.1,16.1,0.1
1472,2024-01-12,32.9,22.5,0.0,18.6,0.0
1473,2024-01-13,32.0,22.1,0.0,13.5,0.0
1474,2024-01-14,32.2,21.8,0.0,12.2,0.0
1475,2024-01-15,33.0,21.9,0.0,11.9,0.0
1476,2024-01-16,33.2,22.9,0.0,14.8,0.0
1477,2024-01-17,33.1,24.0,0.0,13.7,0.0
1478,2024-01-18,34.0,24.2,0.0,15.3,0.0
1479,2024-01-19,33.0,23.6,0.0,14.1,0.0
1480,2024-01-20,33.0,23.2,0.0,17.9,0.0
1481,2024-01-21,32.8,23.4,0.0,15.8,0.0
1482,2024-01-22,34.0,23.6,0.0,13.8,0.0
1483,2024-01-23,34.0,24.1,0.0,16.8,0.0
1484,2024-01-24,33.5,23.6,0.0,14.0,0.0
1485,2024-01-25,33.7,23.6,0.0,13.4,0.0
1486,2024-01-26,33.0,24.0,0.0,15.1,0.0
1487,2024-01-27,33.4,22.7,0.0,15.9,0.0
1488,2024-01-28,33.5,23.0,0.0,14.9,0.0
1489,2024-01-29,33.4,22.7,0.0,14.8,0.0
1490,2024-01-30,34.4,23.8,0.0,19.4,0.0
1491,2024-01-31,34.0,23.5,0.0,18.1,0.0
1492,2024-02-01,33.5,23.8,0.3,17.7,0.3
1493,2024-02-02,33.5,23.5,0.0,19.2,0.0
1494,2024-02-03,34.4,23.9,0.0,21.6,0.0
1495,2024-02-04,34.3,23.6,0.0,19.0,0.0
1496,2024-02-05,33.5,24.5,0.5,17.6,0.5
1497,2024-02-06,34.6,24.3,0.0,22.5,0.0
1498,2024-02-07,32.7,24.5,1.4,16.3,1.4
1499,2024-02-08,32.4,24.4,0.3,18.5,0.3
1500,2024-02-09,34.8,24.0,0.0,17.3,0.0
1501,2024-02-10,34.6,23.9,0.0,15.9,0.0
1502,2024-02-11,33.7,23.1,0.0,13.4,0.0
1503,2024-02-12,33.7,21.8,0.0,16.7,0.0
1504,2024-02-13,35.5,23.7,0.0,22.5,0.0
1505,2024-02-14,35.8,25.1,0.0,19.6,0.0
1506,2024-02-15,36.3,25.5,0.1,21.4,0.1
1507,2024-02-16,36.5,24.9,0.0,20.5,0.0
1508,2024-02-17,35.5,23.5,0.0,21.1,0.0
1509,2024-02-18,35.7,23.7,0.0,22.1,0.0
1510,2024-02-19,35.3,25.0,0.0,21.3,0.0
1511,2024-02-20,34.8,24.6,0.0,21.7,0.0
1512,2024-02-21,34.8,24.1,0.0,20.7,0.0
1513,2024-02-22,35.7,23.4,0.0,22.9,0.0
1514,2024-02-23,34.8,24.4,0.2,23.5,0.2
1515,2024-02-24,35.5,24.8,1.3,19.0,1.3
1516,2024-02-25,35.6,24.3,0.0,18.6,0.0
1517,2024-02-26,36.7,24.0,0.0,24.3,0.0
1518,2024-02-27,35.3,25.2,1.1,18.3,1.1
1519,2024-02-28,36.2,24.4,0.0,25.3,0.0
1520,2024-02-29,36.5,24.8,0.0,20.6,0.0
1521,2024-03-01,35.5,25.0,0.0,17.5,0.0
1522,2024-03-02,36.0,25.4,0.2,20.2,0.2
1523,2024-03-03,36.0,25.1,0.0,20.5,0.0
1524,2024-03-04,36.0,25.1,0.0,22.1,0.0
1525,2024-03-05,35.2,25.1,0.0,15.1,0.0
1526,2024-03-06,36.0,25.0,0.0,15.3,0.0
1527,2024-03-07,35.2,25.6,0.3,21.5,0.3
1528,2024-03-08,37.2,25.2,0.0,21.7,0.0
1529,2024-03-09,36.2,25.0,0.0,24.4,0.0
1530,2024-03-10,37.5,25.5,0.0,29.6,0.0
1531,2024-03-11,37.0,24.5,0.0,25.4,0.0
1532,2024-03-12,37.5,25.5,0.0,25.3,0.0
1533,2024-03-13,35.2,25.4,0.2,19.2,0.2
1534,2024-03-14,36.2,25.6,0.5,21.7,0.5
1535,2024-03-15,35.7,24.6,0.0,22.5,0.0
1536,2024-03-16,37.0,24.4,0.0,22.0,0.0
1537,2024-03-17,36.9,24.6,0.2,23.0,0.2
1538,2024-03-18,37.0,24.7,0.0,27.6,0.0
1539,2024-03-19,37.2,24.9,0.0,30.1,0.0
1540,2024-03-20,36.5,23.5,0.0,21.8,0.0
1541,2024-03-21,36.0,25.2,1.2,20.9,1.2
1542,2024-03-22,36.6,25.4,0.0,26.4,0.0
1543,2024-03-23,34.3,25.5,0.7,21.4,0.7
1544,2024-03-24,35.9,25.5,0.0,20.8,0.0
1545,2024-03-25,36.4,25.3,0.0,22.1,0.0
1546,2024-03-26,38.0,25.8,0.0,25.2,0.0
1547,2024-03-27,36.8,26.8,0.6,18.5,0.6
1548,2024-03-28,36.0,26.3,0.0,16.1,0.0
1549,2024-03-29,36.0,26.1,0.1,20.9,0.1
1550,2024-03-30,36.5,26.4,0.0,19.8,0.0
1551,2024-03-31,36.8,26.0,0.6,16.3,0.6
1552,2024-04-01,36.2,26.5,0.2,17.6,0.2
1553,2024-04-02,36.0,27.2,0.2,17.6,0.2
1554,2024-04-03,36.3,26.0,0.0,18.8,0.0
1555,2024-04-04,36.3,26.8,0.2,19.3,0.2
1556,2024-04-05,35.9,27.1,0.5,22.5,0.5
1557,2024-04-06,35.7,26.5,0.0,19.8,0.0
1558,2024-04-07,37.2,26.2,0.0,22.7,0.0
1559,2024-04-08,36.6,26.5,0.0,22.1,0.0
1560,2024-04-09,39.1,26.6,0.0,23.9,0.0
1561,2024-04-10,38.0,26.8,0.0,23.9,0.0
1562,2024-04-11,39.2,26.6,0.4,20.7,0.4
1563,2024-04-12,39.2,26.7,0.0,23.5,0.0
1564,2024-04-13,35.2,27.5,0.2,18.5,0.2
1565,2024-04-14,37.2,26.3,0.0,24.5,0.0
1566,2024-04-15,36.4,26.9,0.1,21.2,0.1
1567,2024-04-16,37.8,27.0,0.0,25.2,0.0
1568,2024-04-17,36.7,27.1,0.0,19.7,0.0
1569,2024-04-18,37.2,25.8,0.0,20.8,0.0
1570,2024-04-19,36.7,26.5,0.7,19.0,0.7
1571,2024-04-20,36.3,26.6,0.2,18.5,0.2
1572,2024-04-21,37.2,26.5,0.1,19.8,0.1
1573,2024-04-22,36.7,27.0,0.0,18.8,0.0
1574,2024-04-23,37.1,26.5,0.0,18.5,0.0
1575,2024-04-24,37.8,27.5,0.0,20.0,0.0
1576,2024-04-25,38.3,27.9,0.0,20.8,0.0
1577,2024-04-26,37.7,28.4,0.3,21.4,0.3
1578,2024-04-27,38.2,27.8,0.0,18.4,0.0
1579,2024-04-28,37.9,28.0,0.6,18.0,0.6
1580,2024-04-29,38.5,27.5,0.3,21.8,0.3
1581,2024-04-30,38.2,27.8,0.2,20.9,0.2
1582,2024-05-01,37.8,28.1,0.0,19.2,0.0
1583,2024-05-02,38.2,29.3,0.7,19.3,0.7
1584,2024-05-03,37.8,28.9,0.1,19.5,0.1
1585,2024-05-04,37.5,27.9,4.6,11.6,4.6
1586,2024-05-05,34.9,27.1,8.0,16.4,8.0
1587,2024-05-06,33.3,27.0,0.1,15.2,0.1
1588,2024-05-07,33.4,26.6,9.8,16.8,9.8
1589,2024-05-08,35.0,26.9,1.0,13.6,1.0
1590,2024-05-09,35.5,27.5,3.6,20.7,3.6
1591,2024-05-10,34.9,27.4,1.0,22.8,1.0
1592,2024-05-11,36.1,27.4,2.2,20.6,2.2
1593,2024-05-12,35.3,27.8,2.2,19.4,2.2
1594,2024-05-13,35.2,26.7,7.4,23.2,7.4
1595,2024-05-14,35.7,26.1,1.2,16.0,1.2
1596,2024-05-15,35.2,26.9,7.7,25.9,7.7
1597,2024-05-16,33.4,26.5,5.2,14.1,5.2
1598,2024-05-17,32.6,26.5,4.1,17.2,4.1
1599,2024-05-18,34.2,26.0,0.2,17.2,0.2
1600,2024-05-19,33.5,26.4,6.1,11.5,6.1
1601,2024-05-20,32.0,25.8,49.9,13.3,49.9
1602,2024-05-21,32.2,25.4,34.2,10.1,34.2
1603,2024-05-22,33.4,25.8,7.1,13.8,7.1
1604,2024-05-23,32.4,26.5,9.1,15.2,9.1
1605,2024-05-24,34.2,26.8,0.6,15.5,0.6
1606,2024-05-25,33.7,27.2,0.6,14.8,0.6
1607,2024-05-26,33.7,26.2,2.0,14.1,2.0
1608,2024-05-27,34.5,27.1,1.4,10.4,1.4
1609,2024-05-28,32.7,25.2,28.1,10.5,28.1
1610,2024-05-29,33.8,26.6,20.8,16.3,20.8
1611,2024-05-30,31.4,26.2,12.5,17.2,12.5
1612,2024-05-31,32.0,25.9,15.2,19.4,15.2
1613,2024-06-01,33.2,25.8,3.5,15.3,3.5
1614,2024-06-02,33.7,25.6,0.4,12.3,0.4
1615,2024-06-03,34.5,26.4,0.8,17.8,0.8
1616,2024-06-04,34.5,26.4,0.0,10.2,0.0
1617,2024-06-05,34.0,27.4,5.6,13.0,5.6
1618,2024-06-06,34.2,27.0,0.1,9.9,0.1
1619,2024-06-07,33.3,26.9,1.7,9.3,1.7
1620,2024-06-08,34.0,26.0,12.7,12.6,12.7
1621,2024-06-09,30.9,26.1,10.3,22.9,10.3
1622,2024-06-10,31.0,25.6,10.2,18.7,10.2
1623,2024-06-11,33.2,25.0,0.5,18.4,0.5
1624,2024-06-12,33.5,25.5,2.3,18.5,2.3
1625,2024-06-13,34.5,26.0,2.0,17.9,2.0
1626,2024-06-14,33.8,26.4,10.7,19.2,10.7
1627,2024-06-15,33.8,25.8,5.3,15.2,5.3
1628,2024-06-16,33.2,26.0,0.2,16.2,0.2
1629,2024-06-17,33.7,25.4,6.4,22.6,6.4
1630,2024-06-18,34.0,25.4,8.5,16.6,8.5
1631,2024-06-19,33.3,25.5,6.8,24.6,6.8
1632,2024-06-20,31.8,26.0,31.0,18.1,31.0
1633,2024-06-21,31.8,25.3,17.8,14.3,17.8
1634,2024-06-22,28.6,25.1,32.5,20.6,32.5
1635,2024-06-23,30.1,24.5,16.3,22.4,16.3
1636,2024-06-24,30.6,24.4,16.3,20.9,16.3
1637,2024-06-25,31.2,25.0,2.5,13.7,2.5
1638,2024-06-26,32.5,24.6,1.3,11.6,1.3
1639,2024-06-27,31.2,25.2,19.8,9.8,19.8
1640,2024-06-28,31.3,24.9,9.3,17.3,9.3
1641,2024-06-29,31.5,25.6,2.2,20.9,2.2
1642,2024-06-30,32.7,25.5,4.8,11.7,4.8
1643,2024-07-01,31.2,24.6,1.7,16.9,1.7
1644,2024-07-02,32.3,25.1,17.1,12.5,17.1
1645,2024-07-03,31.0,24.9,16.1,15.5,16.1
1646,2024-07-04,29.7,24.0,19.7,12.5,19.7
1647,2024-07-05,32.2,24.0,6.0,18.5,6.0
1648,2024-07-06,32.2,24.1,7.3,15.2,7.3
1649,2024-07-07,30.6,25.1,5.3,16.6,5.3
1650,2024-07-08,31.3,25.1,2.1,15.6,2.1
1651,2024-07-09,31.5,24.8,18.7,14.2,18.7
1652,2024-07-10,31.6,24.6,2.1,18.9,2.1
1653,2024-07-11,30.2,24.6,15.9,18.7,15.9
1654,2024-07-12,30.4,24.5,12.8,20.6,12.8
1655,2024-07-13,30.2,24.9,21.9,20.9,21.9
1656,2024-07-14,30.9,25.2,19.5,27.0,19.5
1657,2024-07-15,30.9,24.9,19.1,20.4,19.1
1658,2024-07-16,30.5,24.5,15.4,18.9,15.4
1659,2024-07-17,29.2,24.5,14.7,24.4,14.7
1660,2024-07-18,31.0,24.5,17.7,21.8,17.7
1661,2024-07-19,29.2,24.2,17.0,20.3,17.0
1662,2024-07-20,28.9,24.3,17.1,15.2,17.1
1663,2024-07-21,31.1,24.5,16.1,22.2,16.1
1664,2024-07-22,31.3,25.0,14.3,23.1,14.3
1665,2024-07-23,30.9,25.2,5.5,18.8,5.5
1666,2024-07-24,31.6,25.2,7.0,20.3,7.0
1667,2024-07-25,31.5,25.2,20.9,20.6,20.9
1668,2024-07-26,29.3,24.6,5.8,20.6,5.8
1669,2024-07-27,29.2,24.6,26.3,25.2,26.3
1670,2024-07-28,29.5,24.9,2.1,14.8,2.1
1671,2024-07-29,31.1,24.4,7.7,16.1,7.7
1672,2024-07-30,32.1,24.4,9.7,13.6,9.7
1673,2024-07-31,32.3,24.6,3.3,18.0,3.3
1674,2024-08-01,32.0,25.4,23.1,19.9,23.1
1675,2024-08-02,32.0,25.0,24.3,15.8,24.3
1676,2024-08-03,31.3,24.5,8.4,11.3,8.4
1677,2024-08-04,31.0,24.5,8.6,12.3,8.6
1678,2024-08-05,31.2,23.8,27.2,16.8,27.2
1679,2024-08-06,31.6,24.2,14.9,13.8,14.9
1680,2024-08-07,30.6,24.4,14.6,15.1,14.6
1681,2024-08-08,32.3,24.4,1.1,14.7,1.1
1682,2024-08-09,32.3,25.5,3.0,13.3,3.0
1683,2024-08-10,32.9,25.1,1.0,14.2,1.0
1684,2024-08-11,32.9,25.5,4.6,18.2,4.6
1685,2024-08-12,31.8,25.2,12.3,24.2,12.3
1686,2024-08-13,32.7,24.4,0.2,17.1,0.2
1687,2024-08-14,32.9,25.4,0.7,14.0,0.7
1688,2024-08-15,32.5,25.0,13.1,12.0,13.1
1689,2024-08-16,32.5,25.3,2.7,13.4,2.7
1690,2024-08-17,32.3,25.2,4.1,13.2,4.1
1691,2024-08-18,33.2,24.8,0.2,12.4,0.2
1692,2024-08-19,33.6,25.4,0.1,12.2,0.1
1693,2024-08-20,32.5,25.3,1.9,11.2,1.9
1694,2024-08-21,33.2,24.9,4.8,13.6,4.8
1695,2024-08-22,32.8,24.9,2.6,13.7,2.6
1696,2024-08-23,31.6,24.8,1.4,15.2,1.4
1697,2024-08-24,32.0,24.8,7.1,14.7,7.1
1698,2024-08-25,31.8,23.8,13.0,14.4,13.0
1699,2024-08-26,31.9,24.4,28.1,16.1,28.1
1700,2024-08-27,30.6,24.7,5.8,21.4,5.8
1701,2024-08-28,30.9,24.9,15.0,22.5,15.0
1702,2024-08-29,30.0,23.9,7.9,22.9,7.9
1703,2024-08-30,31.1,24.9,14.3,22.6,14.3
1704,2024-08-31,30.0,24.6,18.2,18.2,18.2
1705,2024-09-01,29.2,24.5,25.2,9.9,25.2
1706,2024-09-02,28.4,24.1,14.8,20.5,14.8
1707,2024-09-03,29.9,24.5,10.9,25.7,10.9
1708,2024-09-04,30.6,24.9,3.7,22.6,3.7
1709,2024-09-05,31.7,25.2,12.1,22.9,12.1
1710,2024-09-06,30.6,25.6,5.7,28.4,5.7
1711,2024-09-07,31.6,25.2,16.7,24.8,16.7
1712,2024-09-08,31.5,25.3,18.1,18.7,18.1
1713,2024-09-09,32.0,25.0,6.5,17.3,6.5
1714,2024-09-10,32.5,25.2,7.5,17.6,7.5
1715,2024-09-11,31.4,24.9,10.1,13.5,10.1
1716,2024-09-12,31.6,24.8,12.4,13.4,12.4
1717,2024-09-13,31.7,25.1,27.0,19.3,27.0
1718,2024-09-14,29.6,25.0,21.5,18.4,21.5
1719,2024-09-15,29.8,25.0,13.4,16.3,13.4
1720,2024-09-16,31.2,24.8,23.8,17.9,23.8
1721,2024-09-17,29.0,24.9,12.4,19.5,12.4
1722,2024-09-18,29.4,23.8,52.6,18.1,52.6
1723,2024-09-19,29.6,24.2,10.6,20.4,10.6
1724,2024-09-20,30.0,25.0,5.5,22.8,5.5
1725,2024-09-21,28.2,24.9,21.7,20.1,21.7
1726,2024-09-22,29.3,24.5,12.3,17.0,12.3
1727,2024-09-23,31.1,24.6,26.1,14.0,26.1
1728,2024-09-24,31.6,24.7,3.9,9.0,3.9
1729,2024-09-25,30.8,23.9,4.7,10.9,4.7
1730,2024-09-26,31.4,23.6,8.3,15.8,8.3
1731,2024-09-27,30.8,24.5,5.6,20.4,5.6
1732,2024-09-28,32.0,25.0,1.3,12.0,1.3
1733,2024-09-29,32.2,25.4,8.7,9.8,8.7
1734,2024-09-30,32.7,25.3,13.1,11.9,13.1
1735,2024-10-01,32.3,25.4,8.1,12.2,8.1
1736,2024-10-02,32.2,25.0,10.6,14.9,10.6
1737,2024-10-03,30.7,24.9,9.8,15.5,9.8
1738,2024-10-04,31.0,24.1,5.6,12.5,5.6
1739,2024-10-05,31.8,23.9,4.7,11.5,4.7
1740,2024-10-06,30.2,24.3,24.2,11.6,24.2
1741,2024-10-07,31.1,23.8,23.4,10.6,23.4
1742,2024-10-08,30.5,24.2,19.3,12.1,19.3
1743,2024-10-09,30.5,24.3,15.2,13.3,15.2
1744,2024-10-10,31.7,24.7,12.3,15.8,12.3
1745,2024-10-11,30.9,24.4,1.6,12.9,1.6
1746,2024-10-12,31.0,24.9,7.6,12.5,7.6
1747,2024-10-13,32.3,24.4,14.0,11.9,14.0
1748,2024-10-14,32.1,24.0,9.8,11.5,9.8
1749,2024-10-15,31.0,24.5,29.1,13.7,29.1
1750,2024-10-16,30.2,24.8,7.3,14.3,7.3
1751,2024-10-17,30.5,24.8,19.6,21.6,19.6
1752,2024-10-18,28.9,23.9,2.9,13.7,2.9
1753,2024-10-19,29.6,24.1,8.4,12.2,8.4
1754,2024-10-20,30.6,24.0,6.8,16.8,6.8
1755,2024-10-21,31.0,23.7,16.1,17.3,16.1
1756,2024-10-22,30.5,23.4,10.8,15.5,10.8
1757,2024-10-23,29.3,24.4,10.0,11.7,10.0
1758,2024-10-24,31.7,24.0,0.6,14.3,0.6
1759,2024-10-25,31.9,23.0,1.0,16.5,1.0
1760,2024-10-26,32.5,24.2,0.1,20.7,0.1
1761,2024-10-27,26.9,24.5,7.3,12.4,7.3
1762,2024-10-28,26.9,23.6,41.9,12.9,41.9
1763,2024-10-29,29.2,23.7,9.2,16.2,9.2
1764,2024-10-30,31.3,23.4,4.7,14.3,4.7
1765,2024-10-31,31.5,23.4,0.2,14.3,0.2
1766,2024-11-01,31.8,24.1,10.5,11.1,10.5
1767,2024-11-02,30.2,23.9,3.8,14.4,3.8
1768,2024-11-03,31.5,23.1,1.8,11.4,1.8
1769,2024-11-04,30.3,23.5,14.3,15.2,14.3
1770,2024-11-05,30.9,23.0,1.2,13.6,1.2
1771,2024-11-06,30.9,24.2,8.8,14.2,8.8
1772,2024-11-07,31.0,23.4,5.3,8.8,5.3
1773,2024-11-08,31.4,23.5,3.8,10.5,3.8
1774,2024-11-09,31.4,24.0,7.7,8.3,7.7
1775,2024-11-10,31.9,23.8,0.6,12.4,0.6
1776,2024-11-11,31.8,23.6,0.2,13.3,0.2
1777,2024-11-12,30.7,23.8,1.6,10.0,1.6
1778,2024-11-13,31.6,24.2,2.8,8.1,2.8
1779,2024-11-14,32.3,24.9,0.0,10.7,0.0
1780,2024-11-15,32.0,24.9,1.0,9.4,1.0
1781,2024-11-16,34.0,24.2,0.0,11.0,0.0
1782,2024-11-17,33.7,24.5,0.1,10.9,0.1
1783,2024-11-18,34.2,23.0,0.0,8.5,0.0
1784,2024-11-19,33.8,24.5,0.9,8.9,0.9
1785,2024-11-20,35.2,24.2,1.4,13.0,1.4
1786,2024-11-21,33.0,24.0,5.9,8.7,5.9
1787,2024-11-22,33.3,24.0,0.5,8.9,0.5
1788,2024-11-23,33.8,23.6,0.3,10.0,0.3
1789,2024-11-24,33.2,24.8,3.8,13.8,3.8
1790,2024-11-25,34.2,24.0,0.1,10.8,0.1
1791,2024-11-26,34.8,24.8,0.0,8.9,0.0
1792,2024-11-27,34.5,24.1,0.9,11.1,0.9
1793,2024-11-28,33.7,25.0,0.7,16.5,0.7
1794,2024-11-29,30.8,24.0,0.0,15.7,0.0
1795,2024-11-30,33.5,23.0,0.0,9.4,0.0
1796,2024-12-01,33.3,25.1,0.3,11.1,0.3
1797,2024-12-02,34.2,25.8,0.7,8.2,0.7
1798,2024-12-03,28.4,25.4,4.5,5.0,4.5
1799,2024-12-04,31.4,23.1,2.0,8.1,2.0
1800,2024-12-05,29.6,23.5,1.2,12.5,1.2
1801,2024-12-06,31.5,23.5,4.2,10.0,4.2
1802,2024-12-07,29.6,23.6,4.4,7.3,4.4
1803,2024-12-08,32.1,23.7,0.0,10.3,0.0
1804,2024-12-09,32.0,24.5,0.0,11.6,0.0
1805,2024-12-10,31.4,23.8,0.9,13.9,0.9
1806,2024-12-11,30.5,23.1,13.8,11.7,13.8
1807,2024-12-12,30.0,23.8,14.6,13.6,14.6
1808,2024-12-13,29.7,24.1,21.0,15.3,21.0
1809,2024-12-14,27.0,23.8,9.8,9.5,9.8
1810,2024-12-15,28.8,23.8,9.2,7.7,9.2
1811,2024-12-16,28.4,22.8,0.0,10.6,0.0
1812,2024-12-17,29.0,21.6,0.0,9.1,0.0
1813,2024-12-18,30.8,21.4,0.1,9.8,0.1
1814,2024-12-19,30.5,22.3,0.1,11.9,0.1
1815,2024-12-20,30.3,20.8,0.0,7.0,0.0
1816,2024-12-21,29.4,19.5,0.0,8.2,0.0
1817,2024-12-22,27.8,19.6,0.0,9.4,0.0
1818,2024-12-23,31.2,19.5,0.0,12.8,0.0
1819,2024-12-24,30.5,23.5,0.0,17.8,0.0
1820,2024-12-25,32.4,23.5,0.0,18.7,0.0
1821,2024-12-26,31.5,23.9,1.0,14.6,1.0
1822,2024-12-27,32.9,24.2,17.3,11.4,17.3
1823,2024-12-28,31.0,23.8,8.8,10.5,8.8
1824,2024-12-29,30.4,21.9,0.0,12.3,0.0
1825,2024-12-30,30.4,20.5,0.0,7.9,0.0
1826,2024-12-31,30.4,21.8,0.0,13.4,0.0
1827,2025-01-01,28.5,22.3,0.0,9.4,0.0
1828,2025-01-02,30.6,22.4,0.3,8.6,0.3
1829,2025-01-03,30.5,23.4,0.8,8.3,0.8
1830,2025-01-04,31.7,22.3,0.2,12.0,0.2
1831,2025-01-05,33.1,22.6,0.0,10.2,0.0
1832,2025-01-06,32.4,21.9,0.0,10.1,0.0
1833,2025-01-07,32.5,21.5,0.0,11.4,0.0
1834,2025-01-08,33.1,22.5,0.0,11.8,0.0
1835,2025-01-09,32.6,22.1,0.0,9.5,0.0
1836,2025-01-10,33.6,23.9,0.0,13.1,0.0
1837,2025-01-11,33.0,22.3,0.0,14.5,0.0
1838,2025-01-12,31.8,21.3,0.0,12.7,0.0
1839,2025-01-13,31.0,19.5,0.0,9.9,0.0
1840,2025-01-14,34.0,22.0,9.5,13.7,9.5
1841,2025-01-15,31.0,23.2,5.3,8.9,5.3
1842,2025-01-16,31.2,23.3,0.7,15.3,0.7
1843,2025-01-17,30.4,20.8,0.0,11.4,0.0
1844,2025-01-18,31.0,20.4,0.0,9.7,0.0
1845,2025-01-19,31.8,21.6,0.0,10.4,0.0
1846,2025-01-20,31.8,21.8,0.0,13.2,0.0
1847,2025-01-21,32.8,21.0,0.0,10.0,0.0
1848,2025-01-22,34.0,21.2,0.0,16.9,0.0
1849,2025-01-23,34.2,22.8,0.0,10.9,0.0
1850,2025-01-24,34.8,23.0,0.3,12.6,0.3
1851,2025-01-25,34.3,23.6,0.0,13.9,0.0
1852,2025-01-26,34.0,23.8,0.4,15.0,0.4
1853,2025-01-27,32.6,21.6,0.0,12.1,0.0
1854,2025-01-28,32.8,21.4,0.0,11.4,0.0
1855,2025-01-29,31.9,19.5,0.0,12.6,0.0
1856,2025-01-30,30.6,20.3,0.0,8.1,0.0
1857,2025-01-31,32.8,20.4,0.0,9.8,0.0
1858,2025-02-01,33.8,22.4,0.0,14.4,0.0
1859,2025-02-02,34.6,22.0,0.0,13.5,0.0
1860,2025-02-03,34.6,23.2,0.0,12.7,0.0
1861,2025-02-04,34.3,23.8,0.0,12.0,0.0
1862,2025-02-05,34.0,22.0,0.0,17.2,0.0
1863,2025-02-06,33.2,21.7,0.0,13.8,0.0
1864,2025-02-07,33.8,21.6,0.0,11.8,0.0
1865,2025-02-08,34.7,22.9,0.0,12.1,0.0
1866,2025-02-09,33.0,21.5,0.0,12.5,0.0
1867,2025-02-10,33.4,22.8,0.0,11.5,0.0
1868,2025-02-11,34.4,24.4,7.6,17.2,7.6
1869,2025-02-12,32.6,23.5,6.7,10.3,6.7
1870,2025-02-13,31.0,24.0,4.7,9.4,4.7
1871,2025-02-14,31.6,23.6,5.2,9.6,5.2
1872,2025-02-15,31.8,23.2,2.4,13.4,2.4
1873,2025-02-16,32.6,23.6,0.6,13.5,0.6
1874,2025-02-17,33.0,23.1,0.2,12.5,0.2
1875,2025-02-18,34.0,23.5,1.2,15.3,1.2
1876,2025-02-19,33.7,23.3,11.8,12.6,11.8
1877,2025-02-20,34.2,23.7,0.3,12.9,0.3
1878,2025-02-21,33.8,24.8,2.2,10.9,2.2
1879,2025-02-22,31.8,23.8,1.7,12.6,1.7
1880,2025-02-23,31.5,24.4,1.5,16.9,1.5
1881,2025-02-24,32.7,24.4,0.2,18.6,0.2
1882,2025-02-25,32.2,22.9,0.2,15.6,0.2
1883,2025-02-26,34.2,24.4,0.1,8.3,0.1
1884,2025-02-27,35.2,24.1,0.0,13.7,0.0
1885,2025-02-28,35.9,24.1,0.0,17.0,0.0
1886,2025-03-01,36.3,24.0,0.0,18.5,0.0
1887,2025-03-02,34.9,24.2,0.0,17.8,0.0
1888,2025-03-03,35.6,24.2,0.0,14.6,0.0
1889,2025-03-04,35.5,24.4,0.0,14.5,0.0
1890,2025-03-05,36.0,25.1,0.0,14.9,0.0
1891,2025-03-06,35.0,25.5,0.6,14.3,0.6
1892,2025-03-07,35.7,25.0,0.8,13.9,0.8
1893,2025-03-08,35.2,24.5,0.9,13.4,0.9
1894,2025-03-09,32.1,24.9,0.9,8.8,0.9
1895,2025-03-10,35.2,24.8,6.2,15.7,6.2
1896,2025-03-11,36.3,25.1,0.0,16.5,0.0
1897,2025-03-12,36.6,25.7,1.0,15.8,1.0
1898,2025-03-13,35.8,25.8,0.0,17.1,0.0
1899,2025-03-14,36.5,25.1,0.0,17.0,0.0
1900,2025-03-15,36.4,24.9,0.0,14.7,0.0
1901,2025-03-16,35.2,25.4,1.6,17.1,1.6
1902,2025-03-17,35.5,23.5,8.2,11.9,8.2
1903,2025-03-18,35.2,24.4,1.1,10.4,1.1
1904,2025-03-19,36.2,25.5,0.0,12.4,0.0
1905,2025-03-20,35.7,23.5,0.0,15.1,0.0
1906,2025-03-21,36.2,23.9,0.0,13.5,0.0
1907,2025-03-22,36.0,24.2,0.0,13.0,0.0
1908,2025-03-23,35.5,24.9,0.0,13.9,0.0
1909,2025-03-24,36.5,23.9,0.0,20.1,0.0
1910,2025-03-25,33.0,24.5,0.0,15.7,0.0
1911,2025-03-26,34.2,23.8,0.0,12.3,0.0
1912,2025-03-27,35.3,24.1,0.0,14.0,0.0
1913,2025-03-28,34.8,23.6,0.1,14.0,0.1
1914,2025-03-29,35.7,25.1,0.4,16.6,0.4
1915,2025-03-30,37.0,26.0,2.1,18.1,2.1
1916,2025-03-31,33.6,25.0,2.9,10.9,2.9
1917,2025-04-01,32.5,24.9,21.0,9.0,21.0
1918,2025-04-02,29.3,24.4,0.8,13.0,0.8
1919,2025-04-03,32.9,23.9,0.1,11.7,0.1
1920,2025-04-04,33.5,23.2,0.0,13.1,0.0
1921,2025-04-05,33.6,23.9,0.0,13.9,0.0
1922,2025-04-06,33.8,24.5,0.0,14.1,0.0
1923,2025-04-07,36.1,24.6,0.0,15.6,0.0
1924,2025-04-08,35.4,24.9,0.1,15.1,0.1
1925,2025-04-09,35.8,25.6,1.3,14.7,1.3
1926,2025-04-10,35.7,25.8,1.3,9.9,1.3
1927,2025-04-11,34.3,25.8,1.0,12.2,1.0
1928,2025-04-12,35.5,25.2,0.4,12.1,0.4
1929,2025-04-13,36.3,26.4,1.7,14.7,1.7
1930,2025-04-14,36.5,26.3,4.7,14.7,4.7
1931,2025-04-15,35.5,26.3,1.7,15.4,1.7
1932,2025-04-16,35.6,26.6,1.8,15.8,1.8
1933,2025-04-17,36.3,26.2,1.7,12.7,1.7
1934,2025-04-18,36.0,25.5,1.6,13.7,1.6
1935,2025-04-19,35.9,26.2,0.4,14.0,0.4
1936,2025-04-20,36.7,26.0,0.0,14.5,0.0
1937,2025-04-21,35.7,26.4,1.9,15.7,1.9
1938,2025-04-22,33.2,26.6,3.9,15.5,3.9
1939,2025-04-23,35.8,25.7,2.8,12.7,2.8
1940,2025-04-24,34.9,25.4,4.5,14.6,4.5
1941,2025-04-25,34.7,25.6,3.0,10.1,3.0
1942,2025-04-26,34.0,24.9,15.2,17.2,15.2
1943,2025-04-27,34.0,24.5,0.0,12.9,0.0
1944,2025-04-28,36.1,25.9,0.0,15.1,0.0
1945,2025-04-29,36.7,25.9,0.1,15.5,0.1
1946,2025-04-30,36.8,26.6,0.0,15.5,0.0
1947,2025-05-01,36.0,27.8,2.5,12.4,2.5
1948,2025-05-02,34.9,27.1,3.2,15.7,3.2
1949,2025-05-03,32.0,26.0,7.6,12.8,7.6
1950,2025-05-04,33.2,25.2,1.1,12.6,1.1
1951,2025-05-05,33.5,25.6,0.9,14.4,0.9
1952,2025-05-06,34.5,25.6,3.7,12.2,3.7
1953,2025-05-07,35.3,25.9,3.7,12.3,3.7
1954,2025-05-08,37.3,26.0,0.4,18.2,0.4
1955,2025-05-09,37.2,27.3,1.4,11.9,1.4
1956,2025-05-10,30.2,26.0,8.0,11.6,8.0
1957,2025-05-11,32.8,25.0,10.5,12.3,10.5
1958,2025-05-12,32.3,25.0,7.5,11.9,7.5
1959,2025-05-13,32.8,24.5,7.7,12.3,7.7
1960,2025-05-14,33.3,25.8,5.9,13.6,5.9
1961,2025-05-15,32.2,25.5,12.1,9.5,12.1
1962,2025-05-16,33.2,25.5,5.7,12.1,5.7
1963,2025-05-17,32.3,25.4,3.3,13.0,3.3
1964,2025-05-18,33.7,25.9,1.4,10.4,1.4
1965,2025-05-19,32.8,25.8,14.1,15.3,14.1
1966,2025-05-20,32.0,25.0,1.2,10.8,1.2
1967,2025-05-21,33.3,25.0,12.0,12.8,12.0
1968,2025-05-22,31.8,23.9,32.0,11.8,32.0
1969,2025-05-23,31.6,25.3,9.9,9.5,9.9
1970,2025-05-24,30.6,25.4,17.7,11.0,17.7
1971,2025-05-25,31.1,25.0,19.0,11.5,19.0
1972,2025-05-26,32.7,24.4,6.0,10.4,6.0
1973,2025-05-27,32.7,24.7,25.0,11.3,25.0
1974,2025-05-28,32.7,24.5,25.9,10.1,25.9
1975,2025-05-29,32.9,24.9,24.9,11.7,24.9
1976,2025-05-30,32.3,24.5,21.0,14.9,21.0
1977,2025-05-31,32.9,24.6,10.4,22.3,10.4
1978,2025-06-01,33.7,25.5,1.0,14.2,1.0
1979,2025-06-02,31.2,25.8,2.0,16.9,2.0
1980,2025-06-03,30.5,25.5,5.9,16.2,5.9
1981,2025-06-04,32.7,26.1,6.5,11.9,6.5
1982,2025-06-05,32.7,25.3,2.5,12.7,2.5
1983,2025-06-06,32.8,24.5,18.3,10.7,18.3
1984,2025-06-07,30.0,24.5,23.4,14.3,23.4
1985,2025-06-08,29.7,24.6,24.4,14.6,24.4
1986,2025-06-09,32.0,25.3,20.8,16.5,20.8
1987,2025-06-10,31.1,25.3,18.1,15.5,18.1
1988,2025-06-11,29.8,25.0,13.0,22.1,13.0
1989,2025-06-12,30.2,24.8,3.3,19.0,3.3
1990,2025-06-13,30.6,24.8,10.2,16.8,10.2
1991,2025-06-14,32.0,25.1,19.2,16.9,19.2
1992,2025-06-15,32.9,25.2,6.0,13.7,6.0
1993,2025-06-16,32.9,25.6,10.6,8.3,10.6
1994,2025-06-17,33.0,25.0,15.1,11.0,15.1
1995,2025-06-18,32.4,24.6,8.1,12.4,8.1
1996,2025-06-19,32.5,24.0,8.2,11.8,8.2
1997,2025-06-20,32.2,24.0,15.2,10.6,15.2
1998,2025-06-21,31.7,24.1,3.0,13.4,3.0
1999,2025-06-22,30.6,24.5,11.7,16.8,11.7
2000,2025-06-23,31.8,24.5,2.0,16.4,2.0
2001,2025-06-24,31.9,24.5,11.1,18.8,11.1
2002,2025-06-25,31.2,24.9,19.1,14.3,19.1
2003,2025-06-26,29.8,24.4,26.0,10.4,26.0
2004,2025-06-27,31.1,24.1,13.0,13.4,13.0
2005,2025-06-28,31.0,24.8,19.8,19.7,19.8
2006,2025-06-29,31.6,24.6,5.9,23.4,5.9
2007,2025-06-30,32.9,24.5,0.9,16.4,0.9
2008,2025-07-01,30.9,24.9,16.7,9.9,16.7
2009,2025-07-02,31.0,24.0,21.0,14.3,21.0
2010,2025-07-03,32.1,24.2,10.6,11.8,10.6
2011,2025-07-04,31.9,24.0,2.4,17.3,2.4
2012,2025-07-05,32.4,24.8,9.9,15.3,9.9
2013,2025-07-06,31.2,25.5,10.4,13.4,10.4
2014,2025-07-07,31.1,24.8,16.0,16.6,16.0
2015,2025-07-08,31.1,24.6,15.0,16.3,15.0
2016,2025-07-09,30.4,24.6,25.4,15.1,25.4
2017,2025-07-10,32.2,24.3,6.3,22.0,6.3
2018,2025-07-11,31.8,25.4,6.5,16.1,6.5
2019,2025-07-12,31.9,25.1,18.1,12.1,18.1
2020,2025-07-13,31.6,25.2,7.8,14.8,7.8
2021,2025-07-14,31.4,24.9,19.8,12.8,19.8
2022,2025-07-15,30.8,24.7,15.7,15.2,15.7
2023,2025-07-16,30.6,24.5,11.1,13.2,11.1
2024,2025-07-17,28.7,24.6,15.1,15.2,15.1
2025,2025-07-18,30.0,24.9,11.0,14.8,11.0
2026,2025-07-19,31.8,25.0,12.1,18.3,12.1
2027,2025-07-20,29.9,25.2,3.4,17.1,3.4
2028,2025-07-21,31.0,24.7,5.4,21.9,5.4
2029,2025-07-22,32.5,25.1,2.0,22.6,2.0
2030,2025-07-23,31.4,25.4,18.4,16.8,18.4
2031,2025-07-24,33.0,25.9,0.0,15.4,0.0
2032,2025-07-25,33.2,24.8,4.0,18.8,4.0
2033,2025-07-26,32.8,25.2,1.1,15.5,1.1
2034,2025-07-27,31.1,25.3,15.9,17.2,15.9
2035,2025-07-28,30.0,24.6,3.6,20.8,3.6
2036,2025-07-29,30.8,25.6,14.7,17.9,14.7
2037,2025-07-30,32.2,26.0,0.3,18.4,0.3
2038,2025-07-31,32.3,25.7,11.5,14.7,11.5
2039,2025-08-01,32.3,25.4,0.8,15.6,0.8
2040,2025-08-02,32.5,25.6,1.7,12.6,1.7
2041,2025-08-03,33.4,25.5,3.2,13.0,3.2
2042,2025-08-04,33.7,24.8,9.0,11.5,9.0
2043,2025-08-05,33.2,25.3,4.8,15.5,4.8
2044,2025-08-06,32.8,25.0,7.6,16.1,7.6
2045,2025-08-07,33.2,24.5,1.7,11.7,1.7
2046,2025-08-08,33.7,24.5,6.8,10.1,6.8
2047,2025-08-09,32.5,23.8,27.9,11.9,27.9
2048,2025-08-10,32.8,23.1,7.8,13.2,7.8
2049,2025-08-11,31.5,24.1,13.5,16.0,13.5
2050,2025-08-12,31.4,24.1,4.4,12.7,4.4
2051,2025-08-13,31.0,24.2,17.1,16.5,17.1
2052,2025-08-14,32.0,23.5,35.1,10.7,35.1
2053,2025-08-15,31.0,23.9,17.5,19.0,17.5
2054,2025-08-16,29.1,23.9,28.8,16.8,28.8
2055,2025-08-17,30.1,23.7,17.0,15.3,17.0
2056,2025-08-18,31.6,23.6,0.6,13.7,0.6
2057,2025-08-19,32.1,24.4,3.0,9.6,3.0
2058,2025-08-20,33.0,23.5,28.5,17.5,28.5
2059,2025-08-21,27.9,23.1,45.9,10.3,45.9
2060,2025-08-22,30.9,22.9,4.8,17.3,4.8
2061,2025-08-23,30.7,23.6,11.6,12.4,11.6
2062,2025-08-24,31.1,24.6,15.5,15.0,15.5
2063,2025-08-25,28.9,24.4,13.7,22.3,13.7
2064,2025-08-26,29.1,24.1,4.8,15.2,4.8
2065,2025-08-27,30.6,24.4,11.4,10.5,11.4
2066,2025-08-28,32.0,23.6,29.7,15.8,29.7
2067,2025-08-29,31.7,23.4,34.7,15.7,34.7
2068,2025-08-30,31.0,24.8,8.2,20.1,8.2
2069,2025-08-31,32.0,24.4,23.5,12.8,23.5
2070,2025-09-01,30.8,24.6,7.2,17.6,7.2
2071,2025-09-02,29.8,24.4,44.4,12.8,44.4
2072,2025-09-03,30.4,24.0,12.7,11.5,12.7
2073,2025-09-04,31.2,23.9,15.4,12.3,15.4
2074,2025-09-05,31.7,24.5,25.6,9.9,25.6
2075,2025-09-06,31.9,23.6,24.6,12.7,24.6
2076,2025-09-07,28.8,23.8,40.3,14.6,40.3
2077,2025-09-08,31.5,24.1,13.4,18.8,13.4
2078,2025-09-09,30.8,24.1,10.9,21.1,10.9
2079,2025-09-10,31.8,24.0,6.6,8.4,6.6
2080,2025-09-11,32.2,23.8,5.5,11.4,5.5
2081,2025-09-12,31.2,23.5,12.0,17.6,12.0
2082,2025-09-13,30.0,24.4,6.4,14.5,6.4
2083,2025-09-14,29.9,24.3,21.1,12.9,21.1
2084,2025-09-15,31.8,23.3,12.4,15.0,12.4
2085,2025-09-16,30.5,24.0,11.7,10.3,11.7
2086,2025-09-17,31.9,23.9,17.0,21.0,17.0
2087,2025-09-18,31.8,23.9,14.6,12.4,14.6
2088,2025-09-19,31.4,24.6,12.9,14.0,12.9
2089,2025-09-20,32.8,24.4,5.1,14.2,5.1
2090,2025-09-21,31.5,24.5,20.9,12.6,20.9
2091,2025-09-22,27.3,23.6,17.6,14.1,17.6
2092,2025-09-23,29.5,23.3,2.6,13.0,2.6
2093,2025-09-24,31.5,24.6,1.9,21.1,1.9
2094,2025-09-25,31.4,24.9,15.1,18.4,15.1
2095,2025-09-26,30.0,24.9,15.6,10.7,15.6
2096,2025-09-27,30.1,24.1,14.1,16.3,14.1
2097,2025-09-28,30.5,23.9,14.2,16.2,14.2
2098,2025-09-29,29.6,24.0,20.6,16.4,20.6
2099,2025-09-30,30.0,24.1,8.6,12.3,8.6
2100,2025-10-01,31.5,24.1,7.8,10.1,7.8
2101,2025-10-02,31.6,23.9,0.0,7.0,0.0
2102,2025-10-03,31.0,24.5,13.0,15.1,13.0
2103,2025-10-04,32.4,24.4,5.9,13.7,5.9
2104,2025-10-05,31.5,24.4,2.0,12.3,2.0
2105,2025-10-06,32.9,24.6,10.9,18.8,10.9
2106,2025-10-07,32.5,24.6,3.7,17.1,3.7
2107,2025-10-08,32.0,23.1,24.4,9.4,24.4
2108,2025-10-09,31.0,23.7,3.2,9.2,3.2
2109,2025-10-10,30.0,23.9,5.9,9.4,5.9
2110,2025-10-11,30.2,23.5,18.0,9.4,18.0
2111,2025-10-12,31.1,23.9,9.6,10.2,9.6
2112,2025-10-13,30.3,24.2,20.1,10.0,20.1
2113,2025-10-14,31.1,24.4,11.9,9.3,11.9
2114,2025-10-15,32.8,24.8,9.4,14.1,9.4
2115,2025-10-16,32.2,24.4,0.7,10.7,0.7
2116,2025-10-17,32.7,24.7,4.8,7.5,4.8
2117,2025-10-18,31.9,24.5,5.5,14.0,5.5
2118,2025-10-19,32.9,24.5,0.3,7.6,0.3
2119,2025-10-20,33.2,24.6,12.0,10.5,12.0
2120,2025-10-21,32.2,24.7,8.5,10.3,8.5
2121,2025-10-22,32.1,24.0,10.8,9.0,10.8
2122,2025-10-23,31.4,24.2,4.6,8.9,4.6
2123,2025-10-24,32.0,24.6,17.9,8.1,17.9
2124,2025-10-25,29.0,23.8,2.2,9.5,2.2
2125,2025-10-26,30.5,23.6,10.6,10.2,10.6
2126,2025-10-27,30.4,23.1,4.0,12.3,4.0
2127,2025-10-28,29.8,24.3,35.4,6.6,35.4
2128,2025-10-29,29.2,24.4,6.9,9.0,6.9
2129,2025-10-30,28.5,24.5,4.4,12.0,4.4
2130,2025-10-31,30.8,24.3,9.4,14.9,9.4
2131,2025-11-01,30.6,24.5,32.0,10.6,32.0
2132,2025-11-02,31.2,23.9,6.8,10.1,6.8
2133,2025-11-03,28.7,24.0,19.3,9.2,19.3
2134,2025-11-04,30.8,24.0,15.1,10.7,15.1
2135,2025-11-05,29.9,24.0,8.7,9.5,8.7
2136,2025-11-06,28.5,23.9,9.1,14.1,9.1
2137,2025-11-07,31.2,24.2,8.9,13.7,8.9
2138,2025-11-08,31.0,24.4,5.3,8.6,5.3
2139,2025-11-09,31.5,24.1,9.8,11.5,9.8
2140,2025-11-10,31.6,24.5,2.0,11.8,2.0
2141,2025-11-11,31.5,23.8,3.8,9.9,3.8
2142,2025-11-12,30.4,24.2,7.1,11.4,7.1
2143,2025-11-13,31.8,23.7,9.1,10.3,9.1
2144,2025-11-14,31.6,23.4,0.2,10.7,0.2
2145,2025-11-15,31.1,20.5,0.0,8.9,0.0
2146,2025-11-16,29.5,23.5,21.7,9.4,21.7
2147,2025-11-17,28.5,23.4,11.9,8.3,11.9
2148,2025-11-18,30.1,24.1,10.1,13.1,10.1
2149,2025-11-19,31.2,23.0,23.2,15.3,23.2
2150,2025-11-20,29.0,22.4,0.6,12.9,0.6
2151,2025-11-21,29.5,22.9,0.3,9.5,0.3
2152,2025-11-22,27.6,23.3,2.7,10.6,2.7
2153,2025-11-23,31.0,23.5,4.4,11.2,4.4
2154,2025-11-24,31.9,23.5,1.2,8.6,1.2
2155,2025-11-25,31.6,23.5,0.0,14.9,0.0
2156,2025-11-26,31.0,21.8,0.0,13.3,0.0
2157,2025-11-27,30.6,21.9,0.0,15.2,0.0
2158,2025-11-28,29.2,19.5,0.0,15.5,0.0
2159,2025-11-29,31.5,20.8,0.0,10.7,0.0
2160,2025-11-30,33.0,22.5,0.6,9.8,0.6
2161,2025-12-01,34.2,24.2,0.1,9.6,0.1
2162,2025-12-02,33.4,24.9,5.3,9.3,5.3
2163,2025-12-03,31.4,23.9,29.1,10.6,29.1
2164,2025-12-04,29.9,23.5,9.3,19.0,9.3
2165,2025-12-05,31.1,23.5,0.8,6.9,0.8
2166,2025-12-06,30.8,21.9,0.3,9.9,0.3
2167,2025-12-07,31.1,21.0,0.4,9.6,0.4
2168,2025-12-08,30.5,20.1,0.0,11.3,0.0
2169,2025-12-09,31.6,21.7,0.1,14.2,0.1
2170,2025-12-10,31.0,24.0,13.1,13.0,13.1
2171,2025-12-11,31.1,23.0,8.0,14.5,8.0
2172,2025-12-12,31.5,23.4,0.0,10.3,0.0
2173,2025-12-13,32.0,23.7,15.9,14.6,15.9
2174,2025-12-14,31.7,23.5,0.1,7.3,0.1
2175,2025-12-15,33.1,23.7,0.0,9.3,0.0
2176,2025-12-16,34.0,23.9,0.3,6.4,0.3
2177,2025-12-17,33.7,23.5,0.7,9.1,0.7
2178,2025-12-18,32.7,23.5,0.5,7.7,0.5
2179,2025-12-19,33.7,23.1,0.3,10.1,0.3
2180,2025-12-20,33.4,23.7,0.4,10.3,0.4
2181,2025-12-21,34.5,23.8,0.2,8.5,0.2
2182,2025-12-22,33.9,24.2,1.0,11.3,1.0
2183,2025-12-23,33.2,24.7,0.8,9.0,0.8
2184,2025-12-24,33.3,24.6,7.1,8.3,7.1
2185,2025-12-25,31.3,24.2,26.7,18.2,26.7
2186,2025-12-26,30.6,23.2,1.6,9.7,1.6
2187,2025-12-27,30.2,22.3,0.7,9.7,0.7
2188,2025-12-28,31.0,22.2,0.0,10.7,0.0
2189,2025-12-29,31.1,22.8,0.0,10.2,0.0
2190,2025-12-30,30.5,21.5,0.0,9.3,0.0
2191,2025-12-31,31.1,21.0,0.0,11.8,0.0
